1,今年,月,来年,月,全国,ツアー,タイトル,決定,ロゴ,画像,月,日,日,千葉,幕張メッセ,国際,展示,場,ホール,ツアー,スタート,来年,月,日,日,福岡,福岡,全国,各地,周,ツアー,タイトル,探求,者,開拓,者,意味合い,単語,バンド,先,道,道,決意,タイトル,チケット,申し込み,殺到,開催,告知,静岡,広島,宮城,公演,開催,こと,決定,これ,チケット,先行,情報,若干,変更,発生,詳細,ページ,特設,ページ,確認,追加,公演,オフィシャル,最速,先行,受付,本日,月,日,火,正午,スタート,年,月,日,土,千葉,県,幕張メッセ,国際,展示,場,ホール,年,月,日,日,千葉,県,幕張メッセ,国際,展示,場,ホール,年,月,日,土,北海道,北海,年,月,日,日,北海道,北海,年,月,日,火,新潟,県,朱鷺,新潟,コンベンション,センター,年,月,日,日,静岡,県,年,月,日,月,祝,静岡,県,追加,公演,年,月,日,火,大阪,府,大阪城ホール,年,月,日,水,大阪,府,大阪城ホール,年,月,日,土,広島,県,グリーン,アリーナ,年,月,日,日,広島,県,グリーン,アリーナ,追加,公演,年,月,日,土,宮城,県,年,月,日,日,宮城,県,追加,公演,年,月,日,土,石川,県,石川,産業,展示,館,号館,年,月,日,火,徳島,県,アスティ,くし,年,月,日,水,愛知,県,日本ガイシ,ホール,年,月,日,木,愛知,県,日本ガイシ,ホール,年,月,日,土,福岡,県,福岡,年,月,日,日,福岡,県,福岡,料金,円,税込,チケット,先行,情報,一般,発売,情報,ツアー,特設,ページ,ご,確認,特設,サイト
1,デビュー,アルバム,月,日,リリース,同,デビュー,作,最新,シングル,ミュージック,ビデオ,公開,映像,こと,月,後半,年,連続,出演,グラス,トン,リー,フェスティバル,ヨーロッパ,出演,月,サマー,ソニック,複数,夏,出演,予定,きっかけ,歳,直前,国際,サッカー,連盟,汚職,同年,サッカー,ワールドカップ,ブラジル,ミュージック,ビデオ,こと,新作,プロモーション,ため,月,日,来日,プレミアム,イベント,開催,日,タワー,レコード,渋谷,店,日,イベント,様子,こちら,当日,人,編成,日本,初,パフォーマンス,披露,リリース,詳細,以下,通り,アルバム,情報,タイトル,アーティスト,名,品番,価格,税,発売,日,年,７月,日,日本,発売,トラック,リスト,日本,盤,ボーナス,トラック
1,ソニー,インタラクティブ,エンターテインメント,新作,ゲーム,タイトル,発表,スポーツ,年,秋,発売,予定,公式,動作,こと,完全,新作,モンスター,ハンター,モンスター,ハンター,ワールド,登場,ポータブル,以来,年,発売,予定,最近,音沙汰,コンテンツ,スカイ,リム,ファイナル,ファンタジー,発表,主人公,趣味,釣り,体験,そう
1,月,日,日,全国,映画,動員,ランキング,位,年,目,告白,私,殺人,犯,映画,年,目,告白,私,殺人,犯,製作,委員,会,画像,月,日,全国,映画,動員,ランキング,興行,通信,社,発表,年,目,告白,私,殺人,犯,初,週,土日,動員,万,人,興,収,億,万,円,初,登場,位,数字,同,配給,作品,興,収,比,邦画,ミュージアム,最終,興,収,億,円,突破,％,藤原,竜也,主演,僕,街,最終,興,収,億,円,％,藁,楯,わら,たて,最終,興,収,億,円,％,年,目,告白,億,円,スタート,関連,写真,月,日,日,全国,映画,動員,ランキング,位,初,登場,昼顔,初,週,土日,動員,万,人,興,収,億,万,円,好,スタート,配給,東宝,鑑賞,者,割,女性,割,近く,ドラマ,視聴,者,その他,位,初,登場,ランク,イン,前作,館,スタート,最終,的,館,上映,館,数,興,収,億,円,突破,こと,今後,数字,可能,性,そう,公開,週,連続,位,記録,美女と野獣,位,順位,週末,土日,動員,万,人,興,収,億,万,円,記録,累計,億,万,円,到達,年,公開,映画,ワールド,エンド,歴代,興行,収入,ランキング,位,月,日,日,全国,映画,動員,ランキング,以下,通り,位,年,目,告白,私,殺人,犯,位,昼顔,位,美女と野獣,位,ロー,ガン,位,花,戦,位,今,仕事,位,位,名,探偵,コナン,紅,恋歌,ラブレター,位,家族,位,ピーチ,ガール
1,三浦,大知,ニュー,シングル,月,日,水,発売,こと,決定,関連,画像,今,作,オリコン,週間,シングル,ランキング,位,獲得,前作,か月,通算,枚,目,シングル,収録,楽曲,ほか,月,日,土,全国,ロードショー,映画,劇場,版,仮面,主題歌,全,曲,収録,タイトル,曲,月,日,木,スタート,読売,テレビ,日本テレビ,系,新,木曜,ドラマ,脳,主題歌,決定,ドラマ,放送,作家,鈴木,お,氏,企画,担当,タイトル,通り,脳,内,主人公,物語,会社,勤務,リストラ,候補,折茂,圭,太,伊藤,淳史,脳,日,スマ,ホ,よう,視界,メッセージ,他人,メッセージ,秘密,こと,能力,ため,自分,関係,社内外,トラブル,様々,人間,模様,中,人助け,主人公,成長,一,話,完結,ヒューマン,ドラマ,読売,テレビ,日本テレビ,系,新,木曜,ドラマ,脳,月,日,木,時,分,スタート,企画,鈴木,お,新,企画,幻冬舎,出演,伊藤,淳史,新川,優,愛,安藤,なつ,超,合金,岸谷,五朗,ほか,ニュー,シングル,年,月,日,水,発売,盤,税,タイトル,未定,他,コンテンツ,収録,予定,盤,税,タイトル,未定,全,コンテンツ,収録,予定,盤,税,タイトル,未定,盤,盤,内容,三浦,大知
2,オーストラリア,毎年,万,人,代,若者,自動車,運転,免許,取得,若者,たち,死因,自動車,事故,もの,状況,憂慮,大手,保険,会社,従来,運転,教育,法,革新,的,運転,練習,プログラム,同社,提案,の,環境,バランス,練習,プログラム,従来,天候,交通,状況,運転,環境,考慮,ため,練習,環境,偏り,偏り,限り,そう,の,本,プログラム,実現,ため,同社,練習,状況,天候,さ,道路,タイプ,交通,状況,カテゴリ,別,記録,管理,開発,下記,さ,別,練習,状況,ページ,日,中,練習,時間,時間,の,夜間,練習,時間,夕方,練習,時間,今後,夜間,夕方,練習,必要,こと,天気,予報,連動,雨,日,練習,インストラクター,スマート,フォン,雨,予報,通知,よう,運転,中,電話,お,電話,自動,メッセージ,他,練習,時間,生徒,ランキング,形式,表示,生徒,ため,工夫,練習,状況,生徒,両親,スマート,フォン,閲覧,こと,可能,革新,的,運転,練習,プログラム,テレビ,様々,メディア,万,豪,ドル,相当,メディア,露出,万,人,人々,リーチ,本,施策,コメント,うち,ポジティブ,内容,今年,月,リリース,いくつ,州,採用,本,プログラム,交通,事故,撲滅,目的,運転,教育,保険,会社,画期的,施策
2,東都,大学,野球,リーグ,１,部,２,部,入れ替え,戦,専大,立正大,１,３,日,神宮球場,２,戦,１,回,裏,途中,雨天,ため,ノーゲーム
2,雰囲気,野球,上溝,南,ナイン,相模原,市民,上,溝,南,高校,神奈川,県,相模原,市,中央,区,上溝,南,高等,学校,年,開校,県立,高,相模原,線,番田,駅,徒歩,分,場所,学校,相模原,市,出身,生徒,非常,野球,部,相模原,市,出身,選手,選手,たち,自転車,学校,春,県,大会,回戦,同校,取り組み,他,部活,共用,汗,日々,上溝,南,グラウンド,他,部活,共用,グラウンド,全面,の,週間,回,それ,月曜日,こと,自分,たち,グラウンド,さ,練習,選手,たち,相談,使用,選手,自主,性,さ,気風,チーム,同校,田中,春彦,監督,主将,菅谷,亮,練習,メニュー,組み立て,春,ベスト,道のり,今年,チーム,雰囲気,野球,スローガン,スタート,菅谷,亮,主将,自分,たち,プレー,選手,チーム,ほか,チーム,の,時,相手,気持ち,雰囲気,こと,秋,大和,敗退,負け,菅谷,主将,自分,たち,雰囲気,野球,反省,冬,ベンチ,ワーク,打撃,強化,日,スイング,真剣,こと,テーマ,一,冬,地区,予選,大和,再選,大和,戦,エース,重原,祐,太,好投,完封,勝利,地区,予選,連勝,県,大会,出場,の,県,大会,大師,回戦,進出,ここ,戦い,相手,方,被,安打,エース,重原,投球,回戦,進出,回戦,横浜,隼人,対戦,試合,対,回,コールド,負け,菅谷,主将,ミス,こと,相手,応援,さ,圧倒,自分,たち,雰囲気,こと,課題,雰囲気,野球,こと,集合,写真,上溝,南,上溝,南,選手,注目,選手,年,マウンド,経験,エース,重原,右,上手,最速,キロ,中盤,速球,切れ,スライダー,カーブ,コントロール,右腕,コントロール,投球,リード,梶原,海,都,強打,捕手,横浜,隼人,戦,唯一,適時,打,勝負,さ,番,梶原,夏,勝負,一打,主将,菅谷,バット,コントロール,遊撃手,堅実,守備,今夏,意気込み,夏,自分,たち,雰囲気,野球,ムード,作り,上溝,南,ナイン,課題,打撃,力,強化,課題,菅谷,主将,レベル,投手,対応,ため,監督,お願い,マシン,日々,マシン,練習,毎日,目標,春,ベスト,徹底,打撃,強化,自分,たち,雰囲気,づくり,大事,夏,上溝,南,旋風,初戦,春,ベスト,強打,追浜,初戦,戦い,力,左,重原,祐,太,選手,樋口,遥,希,選手,上溝,南,主力,選手,自分,アピール,ポイント,ここ,樋口,遥,希,選手,年,重原,祐,太,選手,年,二,人,副,主将,お話,夏,課題,強化,ところ,樋口,打撃,僕,足,自信,の,それ,こと,チーム,貢献,課題,出塁,率,重原,制球,力,僕,制球,力,持ち味,春,気味,それ,修正,夏,ここ,高校,野球,一番,思い出,こと,何,樋口,年,秋,休み,こと,日,練習,最初,こと,それ,ベスト,こと,結果,的,今,日々,思い出,重原,僕,年,夏,ベンチ,入り,の,先輩,たち,一緒,夏,こと,思い出,自分,ここ,ところ,何,樋口,僕,足,自信,足,さ,あと,センター,守備,自信,それ,重原,僕,投球,三振,投球,どちら,それ,チーム,好き,ところ,他,チーム,ところ,樋口,チーム,全員,仲,こと,重原,僕,チーム,仲,こと,夏,夏,意気込み,お願い,樋口,目標,ベスト,自分,夏,時,それ,コールド,接戦,形,満足,重原,最後,夏,思い,年,経験,先輩,たち,思い,自分,たち,ピッチング,勝利,樋口,選手,重原,選手,練習,風景,上溝,南,ベスト,ここ,田中,春彦,監督,お話,練習,雰囲気,選手,たち,練習,よう,今,指導,者,主導,ところ,選抜,出場,小豆島,高校,さん,実践,ボトムアップ,理論,これ,選手,たち,こと,意識,確か,練習,主将,菅谷,君,チーム,の,菅谷,主導,チーム,全体,練習,メニュー,夏,意気込み,選手,たち,エール,お願い,春,ベスト,目標,県,大会,彼ら,目標,達成,こと,夏,ベスト,信念,目標,達成,指導,者,期待,田中,春彦,監督,上溝,南,高校,野球,部,皆様,今年,大,好評,僕ら,夏,特設,ページ,チーム,ページ,下部,フォト,ギャラリー,お,見逃し
2,東都,大学,春季,リーグ,戦,１,２,部,入れ替え,戦,立正大,２,部,１,位,専大,１,部,６,位,２,回戦,悪天候,ため,１,回,裏,途中,降雨,ノーゲーム,再,試合,あす,１,４,日,神宮球場,午前,１,１,時
2,現在,日本,代表,一員,活動,本田,新天地,クラブ,写真,今,シーズン,限り,退団,表明,日本,代表,本田,圭,佑,新天地,候補,トルコ,部,リーグ,浮上,よう,トルコ,メディア,日,今,シーズン,限り,こと,表明,去就,注目,本田,今年,中国,アメリカ,メジャー,リーグ,サッカー,プレミア,リーグ,各国,クラブ,新天地,候補,取り沙汰,今回,報道,選手,補強,幹部,本田,側,会談,場,本田,以前,加入,可能,性,こと,トルコ,発,報道,移籍,先,候補,浮上,こと,本田,今,シーズン,セ,リエ,全,試合,中,試合,出場,月,日,ホーム,最終,戦,節,ボローニャ,戦,鮮やか,直接,カリ,アリ,最終,節,ゲーム,キャプテン,別れ,去就,注目,本田,新天地,クラブ
3,今日,日,火,時,天気,図,何,パンダ,型,天気,図,勘,方,はず,今,話題,パンダ,日本,列島,形,高気圧,パンダ,目,天気,図,鼻,あたり,低,気圧,発生,鼻,低,気圧,今日,関東,雨,パンダ,ちゃん,くしゃみ,上野,赤ちゃん,パンダ,祝福,昨日,日,月,上野,動物,園,ジャイアントパンダ,メス,シン,シン,出産,日本,中,お祝い,ムード,空,天気,図,表現,かたち,赤ちゃん,パンダ,誕生,お祝い,の,東京,都,小池,百合子,知事,昨日,パンダ,名前,公募,考え,ニュース,社内,今日,関東,天気,雨,名前,それ,ひと昔,前,ダンス,皆さん,名前
3,街,偶然,二,度,そう,レベル,カスタム,ペイント,車,写真,集,いちばん,最後,センス,アホ,素敵
3,子猫,選び方,目,鼻,状態,目,色,数種類,青,緑,左右,色,金色,銅,色,子猫,目,輝き,判断,材料,ひとつ,健康,子猫,ちゃん,手段,鼻,湿り気,鼻水,注意,点,鼻水,ウイルス,感染,症,可能,性,顔,全体,状態,環境,健康,直結,判断,材料,体毛,セミ,ロング,毛,特徴,耳,飾り,毛,チャーム,ポイント,ひとつ,健康,子猫,体毛,ツヤ,弾力,皮膚,状態,子猫,選び方,皮膚,キズ,化膿,ダニ,清潔,こと,重要,猫,皮膚,病,膿,皮,症,皮膚,上,菌,異常,繁殖,こと,原因,病気,それ,ため,子猫,段階,皮膚,状態,気,こと,重要,体格,通称,穏やか,巨人,猫,品種,種類,子猫,ちゃん,うち,サイズ,生後,ヶ月,体重,それ,ゆえ,サイズ,骨格,筋肉,重要,視,飼い主,相性,これ,外見,上,選び方,大事,の,飼い主,さん,相性,こと,愛着,日々,楽しみ,もの,ペット,ショップ,さん,所,際,スキンシップ,子猫,性格,子猫,ちゃん,大柄,風貌,逆,温厚,性格,ギャップ,鳴き声,よう,感じ,もの,飼い主,愛着,必要,以上,ベタ,ベタ,逆,効果,ところ,スキンシップ,の,ベスト,環境,適応,他,犬,猫,他,ペット,場合,問題,ところ,子猫,ちゃん,特徴,子猫,ちゃん,自分,意思,タイプ,飼い主,さん,一,印象,大事,際,スキンシップ,大切,の,ため,子猫,方,食事,子猫,ちゃん,食事,月齢,体重,量,歳,育ち,盛り,体重,目安,歳,体重,目安,子猫,ちゃん,ころ,大柄,見た目,それ,裏腹,一,度,食事,量,歳,日,回,回,歳,日,回,小分け,こと,重要,タンパク質,栄養,価,計算,運動,子猫,頃,運動,北,アメリカ,ルーツ,自然,中,ネコ,ネコ,おもちゃ,遊び,興味,よう,積極,的,散歩,お,外,世界,こと,効果,的,子猫,体調,管理,子猫,ちゃん,ころ,非常,大柄,ため,病気,影響,子猫,ころ,気,病気,次,よう,もの,肥大,性,心筋,症,脊髄,性,筋,萎縮,症,多発,性,のう胞,腎,肥大,性,心筋,症,呼吸,後足,動き,症状,心不全,後足,麻痺,危険,性,子猫,ちゃん,挙動,気,先天,性,場合,遺伝子,検査,こと,対策,こと,脊髄,性,筋,萎縮,症,子猫,ちゃん,症状,ヶ月,後足,機能,低下,震え,場合,動物,病院,受診,病気,検査,こと,原因,遺伝子,発見,こと,多発,性,のう胞,腎,初期,症状,ため,発見,病気,ペルシャ,猫,それ,種族,特有,もの,症例,こちら,遺伝,性,症例,早め,遺伝子,検査,対策,まとめ,他,猫,独特,性格,遺伝,性,病気,飼い主,さん,対策,部分,大柄,さ,魅力,ペット,こと,間違い,飼い主,さん,手,分,愛情,こと,子猫,ちゃん,時間,ため,方
3,犬,たち,頭,犬,人間,最良,友,彼ら,私,たち,一番,もの,愛情,あと,餌,雨風,住,家,彼ら,人間,ため,すべて,命,こと,の,犬,人間,特殊,能力,能力,我々,人間,ため,補助,犬,はじめ,犬,たち,人間,ため,訓練,人間,ため,高度,スキル,身,の,自分,ため,人間,ため,自分,必要,人間,ため,ここ,犬,人間,ため,身,特殊,スキル,種,こと,血糖,値,血糖,値,犬,血糖,値,大幅,変化,とき,身体,化学,物質,発散,犬,物質,こと,の,糖尿,病,患者,ため,犬,血糖,値,危険,上下,場合,患者,血糖,値,安全,範囲,ため,処置,の,型,糖尿,病,少年,犬,血糖,値,低下,雪崩,人,発見,雪崩,救助,犬,雪崩,人,場合,救助,隊,犬,生存,者,発見,確率,大幅,雪崩,救助,犬,万,平方メートル,エリア,分,探索,の,人間,チーム,時間,熟練,犬,人間,臭い,場所,コロラド,雪崩,救助,犬,訓練,火災,報知,機,音,難聴,聴覚,障害,人,訓練,音,様々,ノック,音,名前,声,目覚まし,時計,火災,報知,機,他,補助,犬,同様,年,単位,訓練,よう,休憩,時間,必要,人,サポート,補助,犬,周囲,何,引き金,心,傷,追,体験,こと,がち,人,ため,補助,犬,パートナー,不安,兆候,早期,感知,前足,動作,引き金,パートナー,気,コントロール,手伝い,血圧,変化,探知,血圧,犬,血圧,犬,パートナー,血圧,心拍,急激,変化,とき,警告,警告,自律,神経,失調,症,人,死,危険,の,パートナー,犬,非常時,助け,通報,補助,犬,多く,補助,犬,非常時,助け,訓練,別,人間,特製,電話,緊急,通報,発作,間,パートナー,発作,犬,一部,犬,パートナー,病気,発作,前,警告,他,犬,発作,対応,訓練,助け,周囲,危険,もの,パートナー,発作,警告,対応,兵士,医薬品,一,次,世界,大戦,訓練,慈愛,犬,戦場,兵士,これら,犬,負傷,兵,自分,手当て,よう,背,医薬品,パック,一部,犬,よう,訓練,リチャードソン,中佐,赤十字,犬,一,次,世界,大戦,中,食事,感知,感知,犬,ピーナッツ,嫌い,人,ピーナッツ,アナフィラキシー,ショック,最悪,場合,死,人,後者,人々,ため,探知,犬,訓練,ピーナッツ,牛乳,大豆,食材,ラテックス,よう,物質,警告,パートナー,の,こと,自閉症,人,サポート,自閉症,者,ため,補助,犬,パートナー,親密,関係,一部,犬,パニック,引き金,とき,警告,自分,対応,訓練,パートナー,不安,感覚,処理,問題,際,上,体重,高,圧力,療法,方法,訓練,中,パートナー,独立,自信,世界,よう,サポート,の,視覚,障害,人,案内,盲導犬,盲導犬,失明,視覚,障害,弱,視,人,訓練,忠実,犬,人間,目的,犬,訓練,よう,二,百,年,以上,犬,ガイド,の,起源,判明,こと,昔,訓練,中,ハーネス,爆発,物,地雷,探知,犬,地雷,探知,犬,爆発,物,臭い,感知,軍隊,一般,的,国連,地雷,対策,サービス,組織,活躍,中,国連,地雷,探知,犬,コロンビア,スーダン,地域,地雷,除去,ため,派遣,物理,的,バランス,介助,犬,介助,犬,物理,的,パートナー,手助け,ドア,もの,事柄,パートナー,歩行,中,バランス,とき,手助け,犬,ハーネス,準備,万端,ペット,飼い主,時間,お金,食べ物,医療,い服,賛否,両論,お,やつ,おもちゃ,犬,訓練,人,ため,一生,犬,犬,たち,自ら,境遇,不平,不満,こと,環境,全力,の
3,東京,上野,動物,園,きのう,日,年,月,パンダ,赤ちゃん,誰,違い,人,直撃,母親,父親,リ,リ,来日,年,前,毎日,写真,高,氏,貴博,さん,けさ,年,月,日,上野,動物,園,前,高,氏,さん,司会,加藤,浩次,スタジオ,高,氏,加藤,毎日,ん,妊娠,の,いつ,ごろ,高,氏,先月,年,月,後半,食欲,こと,今年,大丈夫,期待,加藤,年,前,こと,赤ちゃん,死亡,その後,偽,妊娠,不安,高,氏,偽,妊娠,心配,期待,期待,通り,結果,加藤,きょう,写真,の,高,氏,オス,リ,リ,パパ,公開,半年,後,月,赤ちゃん,こと,の,いつ,の,年,メス,年,ユウユウ,オス,とも,公開,日,生後,カ月,今回,赤ちゃん,半年,後,月,加藤,半年,後,どれ,さ,高,氏,ネコ,加藤,いちばん,とき,名前,公募,高,氏,さん,の,高,氏,パンダ,赤ちゃん,回,再来,意味,サイ,サイ,再再,加藤,サイ,サイ,パンダ,ブーム
4,１,３,日,午後,零,時,２,０,分,現在,主,前,成り行き,注文,状況,以下,通り,みずほ,５,７,万,株,８,７,万,株,郵船,１,１,万,株,３,２,万,株,４,万,株,９,万,株,富士通,４,万,株,９,万,株,新生,銀行,２,万,株,１,３,万,株,ＡＮＡ,３,万,株,２,４,万,株,イメージ,写真,提供,１,２,３,Ｒ
4,１,３,日,午後,零,時,２,０,分,現在,主,前,成り行き,注文,状況,以下,通り,トヨタ,４,万,株,６,万,株,三菱,１,４,万,株,２,２,万,株,日立,４,万,株,１,１,万,株,東芝,監理,８,３,万,株,５,８,万,株,三菱重工,３,万,株,１,０,万,株,ソフトバンク,３,万,株,６,万,株,イメージ,写真,提供,１,２,３,Ｒ
4,高市,早苗,総務,相,１,３,日,閣議,後,記者,会見,議員,手不足,深刻,化,町村,議会,在り方,有権者,議案,直接,審議,町村,総会,検討,有識者,会議,７月,設置,発表,町村,総会,設置,運営,ルール,弾力,化,住民,仕事,議員,活動,両立,環境,整備,議会,維持,対策,地方,自治,法,町村,条例,議会,全,有権者,町村,総会,予算,案,条例,案,審議,規定,高齢,化,過疎,化,存続,議会,中,高知,県,大川,村,検討
4,１,３,日,午前,東京,外国,為替,市場,円,相場,１,ドル,１,１,０,円,近辺,小幅,上昇,欧州,米国,株,安,リスク,回避,円,買い,ドル,前日,海外,市場,流れ,午前,１,１,時,現在,１,１,０,円,０,１,０,２,銭,前日,比,１,８,銭,円,高,ドル,安
4,福岡,県警,博多,署,１,３,日,福岡,県内,男子,高校生,１,７,福岡,県,迷惑,行為,防止,条例,違反,卑わい,言動,容疑,逮捕,逮捕,容疑,同日,午前,６,時,６,分,ごろ,４,９,分,ごろ,間,ＪＲ,鹿児島,線,折尾,吉塚,間,走行,中,列車,内,女子,高校生,１,７,着衣,ファスナー,公共,乗り物,中,人,羞恥,不安,よう,方法,卑わい,言動,疑い,西日本,新聞
5,上記,画像,文言,クリック,元,記事,動画,再生,国連,人権,理事,会,特別,報告,者,デビッド,ケイ,氏,演説,日本,特定,秘密,保護,法,メディア,萎縮,危険,性,懸念,表明,国連,特別,報告,者,デビッド,ケイ,氏,私,日本,政府,メディア,直接,間接,圧力,懸念,ケイ,氏,日,機密,公務員,ら,罰則,強化,特定,秘密,保護,法,メディア,罰,情報,開示,懸念,指摘,政府,放送,局,免許,根拠,放送,法,報道,独立,性,観点,法,改正,勧告,これ,日本,政府,特定,秘密,保護,法,報道,目的,情報,収集,対象,多く,事実,誤認,反論
5,中国,ネット,上,日本,所,何,質問,客観,的,大量,罵詈,雑言,い,中国,メディア,今日,頭,条,１,２,日,日本,点,どこ,質問,客観,的,罵倒,文章,掲載,自分,肌,こと,率直,自国,ネット,ユーザー,想定,外,攻撃,こと,ショック,よう,文章,作者,ネット,上,日本,点,どこ,質問,何,度,間,日本,滞在,人間,こと,いくつ,点,回答,作者,交通,便利,さ,モラル,３,点,日本,点,説明,交通,複雑,それ,ゆえ,利便,性,非常,時間,正確,さ,便利,さ,中国,コンビニ,自販機,日本,農村,ところ,の,解説,モラル,かんし,電車,乗車,マナー,例,紹介,単純,質問,つもり,回答,よう,文章,１,０,０,０,ネット,ユーザー,罵倒,紹介,状況,自身,立場,強調,国,恥,意見,ご,もっとも,それ,われわれ,ため,敵,仇,どうこう,話,ここ,言論,自由,今,時代,われわれ,市民,声,こと,様々,意見,社会,発展,の,言論,うっ憤,ため,われわれ,考え方,許容,それ,態度,の,編集,担当,今関,忠,馬,イメージ,写真,提供,９,９,９,１,２,３,Ｒ
5,韓国,大統領,北朝鮮,東アジア,杯,開催,提案,写真,韓国,文,在,寅,大統領,年,ワールドカップ,杯,北朝鮮,東アジア,共同,開催,国際,サッカー,連盟,会長,提案,よう,イギリス,紙,ガーディアン,日,同紙,ワールドカップ,韓国,一環,同国,会長,文,大統領,会談,文,大統領,韓国,北朝鮮,東アジア,国,共同,杯,開催,韓国,北朝鮮,東アジア,全体,平和,の,会長,提案,案,関心,文,大統領,会長,提案,中国,国家,主席,返答,会長,今週,中,中国,予定,同紙,今,ところ,北朝鮮,反応,模様,日本,中国,公式,提案,よう
5,ソウル,時事,韓国,警察,当局,ソウル,市内,延世大,機械,工学科,研究,室,１,３,日,午前,８,時半,日本,時間,同,ごろ,箱,爆発,男性,教授,１,人,やけど,命,別条,教授,出勤,際,研究,室,ドア,ノブ,箱,ショッピング,バッグ,箱,爆発,証言,警察,不,特定,多数,テロ,の,恨み,犯行,警察,当局,新た,爆発,可能,性,特殊,部隊,投入,現場,封鎖,厳戒,態勢
5,日本,意図,日,米,共同,訓練,中国,専門,家,懸念,声,中国,メディア,日,米,共同,訓練,中国,懸念,声,資料,写真,日,米,共同,訓練,中国,懸念,声,日,付,人民,網,海上,自衛隊,日,日,日本海,沖縄,東方,沖,米国,共同,訓練,明らか,日本,護衛,艦,あし,がら,米国,空母,ロナルド,レーガン,参加,ミサイル,発射,北朝鮮,南シナ海,進出,中国,けん制,狙い,日,米,共同,訓練,中国,軍事,専門,家,杜,文,龍,氏,日,米,朝鮮半島,軍事,的,影響,訓練,範囲,沖縄,中国,同,海域,活動,けん制,狙い,東シナ海,南シナ海,日本海,西太平洋,中国,海軍,空軍,航行,影響,指摘,今回,訓練,日本,戦闘,機,早期,警戒,機,米,空母,艦載,機,電子,戦機,参加,これ,杜氏,総合,的,作戦,能力,最強,米国,電子,戦機,無線,信号,正確,妨害,同機,共同,訓練,日本,側,明らか,こと,日,米,これ,協力,関係,強化,こと,朝鮮半島,戦争,場合,敵,偵察,システム,意思,表示,翻訳,編集,内山
6,コクヨ,独自,開発,樹脂,製,リング,採用,ソフト,リング,ノート,シリーズ,新た,シンプル,デザイン,表紙,採用,タイプ,月,日,発売,開始,サイズ,セミ,種類,税別,価格,セミ,円,円,円,円,ソフト,リング,ノート,リング,ノート,筆記,時,リング,手,気,こと,ユーザー,支持,年,月,発売,以降,累計,万,冊,以上,販売,ヒット,商品,ソフト,リング,ノート,今回,新た,大人,向け,デザイン,種類,ナチュラル,タイプ,クリア,タイプ,ビジネス,タイプ,ライン,アップ,左,ビジネス,タイプ,クリア,タイプ,ナチュラル,タイプ,ナチュラル,タイプ,み,クラフト,表紙,採用,プライベート,シーン,おすすめ,横,罫,ノート,クリア,タイプ,シーン,シンプル,半,透明,表紙,採用,横,罫,ほか,図,表,方眼,ドット,罫,用意,ビジネス,タイプ,黒,表紙,厚,口,裏,中,紙,採用,ビジネス,シーン,日付,欄,横,罫,方眼,罫,ノート,製品,情報,文,編集,部
6,ピアス,人,サロン,際,注意,こと,ピアス,人,カット,パーマ,際,いくつ,注意,こと,ピアス,サロン,トラブル,可能,性,今回,ピアス,人,サロン,対策,方法,紹介,サロン,ピアス,方,ピアス,こと,サロン,問題,こと,の,カット,中,ハサミ,パーマ,カラー,薬剤,ピアス,可能,性,こと,万が一,ピアス,場合,こと,可能,性,お互い,思い,ピアス,方,サロン,とき,トラブル,回避,ため,ピアス,方,ピアス,カット,パーマ,施術,際,危険,の,サロン,ピアス,トラブル,ピアス,こと,回避,ピアス,穴,たて,場合,ピアス,危険,性,ピアス,穴,穴,化膿,炎症,ため,非常,注意,必要,サロン,施術,カラー,パーマ,薬剤,使用,施術,薬剤,化膿,リスク,たて,ピアス,穴,化膿,危険,性,カット,場合,普段,シャンプー,こと,タオル,摩擦,ピアス,穴,化膿,リスク,複数,ため,ピアス,穴,たて,場合,サロン,方,対策,方法,ピアス,あと,通常,通り,サロン,よう,目安,穴,大体,週間,後,穴,週間,以降,ピアス,ホール,ピアス,穴,痛み,分泌,物,ポスト,楽,状態,通常,通り,サロン,こと,よう,こと,ピアス,時,直前,サロン,ほう,ピアス,時,穴,状態,把握,場合,皮膚,科,相談
6,ストレート,アイロン,綺麗,髪,方法,ストレート,アイロン,使い方,次第,綺麗,巻き,髪,こと,高度,技術,必要,わけ,ストレート,アイロン,髪,ストレート,アイロン,本来,くせ毛,熱,ストレート,ヘア,ため,ヘア,アイロン,使い方,次第,髪,こと,巻き,髪,種類,内,巻き,外,巻き,波,巻き,代表,的,種類,対応,ため,ロング,ボブ,対応,毛,先,カール,簡単,ヘア,アレンジ,場合,カール,アイロン,簡単,作業,ため,メリット,髪,基本,ブロッキング,方法,方,髪,ブロッキング,ところ,ブロッキング,様々,やり方,今回,点,ブロッキング,頭頂,部,付近,髪,目,ブロッキング,次,後頭部,上下,下,部分,真ん中,左右,ブロッキング,ここ,合計,ブロック,最後,左右,側,頭部,それぞれ,ブロッキング,これ,前髪,部分,合計,ブロック,ストレート,アイロン,内,巻き,外,巻き,波,巻き,髪,方法,説明,内,巻き,外,巻き,毛,束,毛,束,真ん中,位置,ストレート,アイロン,外側,外,内側,内,巻き,状態,秒,キープ,髪,方向,アイロン,よう,波,巻き,波,巻き,ストレート,アイロン,ほう,カール,アイロン,持続,力,カール,アイロン,所有,方,オススメ,方法,髪,根元,箇所,ストレート,アイロン,内側,半,回転,カール,アイロン,今度,外側,半,回転,カール,作業,毛,先,簡単,是非,実践
6,部,トレンド,プレゼン,大会,トレンド,敏感,部,メンバー,たち,今,モノ,コト,ご,紹介,連載,部,トレンド,プレゼン,大会,今月,トピック,こだわり,外,の,億劫,梅雨,時期,雨,日,よう,部員,たち,披露,マスト,アイテム,晴れ,日,雨,日,出番,今どき,晴雨,兼用,常識,さん,パンプス,型,オン,パンプス,型,便利,赤,さし,色,さん,さん,お気に入り,こちら,コーディネート,フィット,ん,さん,さん,の,これ,アウトドア,おしゃれ,ハンター,お気に入り,さん,コス,パ,デザイン,カラフル,傘,人気,コンビニ,おしゃれ,ビニール,傘,流行,中,ファミリーマート,コラボレーション,デザイン,性,抜群,ビニール,傘,話題,お,値段,円,税込,さん,目,レインボー,風,マルチ,カラー,傘,フライング,タイガー,購入,もの,円,税込,お,手軽,価格,ポイント,なか,さ,さん,おしゃれ,リアル,情報,満載,大,注目,部,ここ,チェック,毎日,更新,中,公式,サイト,最新,ファッション,ライフスタイル,情報,プレゼント,企画,女の子,ハッピー,ネタ,発信,人気,の,部,メンバー,リアル,メイク,ネタ,最新,スポット,レポート,チェック,情報,通,年,月,号,情報,雑誌,チェック,取材,文,井上,華,撮影,早坂,佳美
6,服,基準,たくさん,夏,肌触り,さ,自宅,アイテム,こと,重要,ポイント,シンプル,サマー,セーター,首,回り,袖,周り,素材,吟味,よう,さりげ,ペア,ライン,アップ,最近,の,ベーシック,アイテム,普遍,的,ファッション,性,デイリー,もの,提案,メンズ,レディース,素材,テイ,スト,それぞれ,素,フォルム,ライフ,ウェア,定番,肌触り,袖口,畦,編み,使用,フィット,感,素材,カラー,メンズ,アイテム,ゆるやか,ペア,アイテム,パートナー,の,おすすめ,円,税別,上,アイテム,色,違い,グレー,袖,さ,ネック,デザイン,タイプ,円,税別,シンプル,バリエーション,豊富,自分,腕,胸元,一番,きれい,もの,渋谷,月末,中目黒,オープン,購入,こちら,お,店,目黒,川,沿い,本,ところ,初夏,お,散歩,ついで
7,ソニー,有機,テレビ,シリーズ,有機,テレビ,発売,メーカー,各社,直撃,取材,それぞれ,特徴,メーカー,ならでは,独自,強み,本,特集,前回,パナソニック,今回,ソニー,同社,有機,テレビ,実,売,価格,万,円,前後,同,万,円,前後,シリーズ,モデル,ラインナップ,同社,テレビ,ブランド,最,上位,位置づけ,ソニー,液晶,ハイエンド,シリーズ,こちら,画面,サイズ,型,型,型,大型,有機,液晶,どちら,最,上位,機種,今回,お話,お,伺い,企画,マーケティング,部門,商品,企画,部,企画,課,統括,課長,中野,陽介,氏,ソニー,考え方,有機,液晶,上,わけ,どちら,最,上位,液晶,画質,かなり,レベル,到達,画面,最大,輝度,有機,優位,映像,人,こちら,おすすめ,正面,画面,以外,何,シリーズ,液晶,テレビ,最,上位,機種,シリーズ,有機,コントラスト,性能,自発,光,視野,角,魅力,リビング,家族,全員,高,品位,映像,パネル,特性,液晶,点,アプローチ,それぞれ,さ,ユーザー,選択肢,戦略,発売,直前,取材,時,状況,画面,サイズ,価格,高価,型,人気,予約,好調,型,有機,画面,サイズ,モデル,人,よう,スタンド,画面,以外,要素,可能,限り,大胆,デザイン,背面,ついたて,これ,パネル,部,実物,映像,さ,こと,今,大胆,デザイン,薄型,テレビ,つきもの,スタンド,の,ついたて,カバー,ウー,ファー,端子,部,ついたて,横,端子,電源,ボタン,サイド,前面,ディスプレー,部,傾斜,デザイン,厚み,ついたて,ついたて,部分,チューナー,部,入出力,端子,部,パネル,部,自体,上,下,形状,有機,さ,設計,コンセプト,映像,音,デザイン,三位一体,もの,映像,ため,それ,以外,要素,可能,限り,パネル,部,基本,的,さ,まま,下方,正面,左下,ロゴ,表記,背面,画面,周囲,細身,正面,映像,象徴,的,の,メーカー,ロゴ,左下,位置,こと,本来,センター,ロゴ,映像,邪魔,ロゴ,背面,画面,傾斜,画面,こと,リラックス,視聴,形,視聴,スタイル,映像,快適,こと,細部,仕上げ,背面,デザイン,ガラス,板,ディスプレー,部,周囲,アルミ,素材,ついたて,部分,素材,質感,品位,デザイン,ムダ,シンプル,フォルム,素材,組み合わせ,表情,豊か,姿,の,画面,全体,音,アコースティック,採用,スピーカー,背面,これ,こと,前面,ガラス,音,ここ,気,の,スピーカー,存在,一見,スピーカー,よう,デザイン,映像,一体,感,音,再現,ため,画面,全体,振動,音,アコースティック,独創,的,スピーカー,搭載,の,仕組み,左右,背面,それぞれ,個,ディスプレー,全体,振動,こと,音,もの,アコースティック,表示,パネル,有機,実現,もの,液晶,場合,表示,パネル,背後,バック,ライト,仕組み,画面,音,こと,不可能,低音,域,ため,ウー,ファー,ついたて,チューナー,部,内蔵,壁,反射,利用,部屋,全体,音,画面,振動,音,技術,もの,採用,例,の,音質,キープ,の,ディスプレー,ガラス,面,音,こと,ガラス,固有,音,クセ,音,がち,年,前,ソニー,ディーラー,コンベンション,参考,展示,ガラス,管,スピーカー,製品,現在,実用,化,ソニー,以前,有機,ガラス,管,度,音,よう,製品,発売,ガラス,素材,振動,板,ノウハウ,ノウハウ,画面,音,大胆,アイデア,実現,の,開発,簡単,もの,一,枚,ガラス,板,両側,左右,スピーカー,用,装着,画面,中央,付近,左右,音,不要,干渉,それ,ため,搭載,位置,回,試作,最適,位置,選定,ガラス,特有,音,クセ,ため,オーディオ,回路,電気,的,補正,音質,的,自然,さ,豊か,映像,一体化,音像,定位,有機,よう,パネル,実現,方法,ガラス,音,ノウハウ,ソニー,完成,もの,高画質,エンジン,有機,ポテンシャル,高画質,エンジン,映像,面,有機,高,コントラスト,性能,ため,高画質,エンジン,搭載,これ,液晶,ハイエンド,シリーズ,搭載,もの,ほか,メーカー,有機,専用,高画質,エンジン,採用,こと,開発,段階,液晶,有機,表示,パネル,組み合わせ,想定,パネル,特性,最適,映像,処理,機能,主,特徴,シリーズ,もの,高,輝度,復元,技術,リマ,スター,精密,映像,再現,行,デュアル,データベース,分析,高階,調,表現,可能,ソニー,高画質,技術,結集,映像,実現,型,有機,テレビ,年,前,登場,同社,有機,表示,パネル,ため,ノウハウ,蓄積,年,世界,初,有機,テレビ,発売,はじめ,業務,用,マスター,モニター,有機,パネル,採用,モデル,生産,シリーズ,開発,それら,協力,映像,の,業務,用,マスター,モニター,シリーズ,画,作り,違い,有機,テレビ,ポテンシャル,さ,各社,モニター,的,忠実,再現,アピール,ソニー,シリーズ,映画,制作,現場,民生,機,見え,方,確認,ため,用,モニター,使用,シリーズ,用途,マスター,モニター,部分,よう,マスター,モニター,さ,信号,入力,場合,それら,すべて,光,一般,的,テレビ,感覚,白,状態,わけ,民生,用,機器,こと,規格,万,信号,とき,ディスプレー,能力,範囲,内,階,調,表現,こと,意味,測定,器,よう,映像,チェック,マスター,モニター,役割,の,そう,正確,さ,映像,再現,ため,技術,こと,それ,マスター,モニター,点,映像,モード,画面,英語,モード,製品,日本語,映像,モード,いくつ,用意,部屋,ダイナミック,スタンダード,映画,用,シネマ,ホーム,シネマ,プロ,モード,好み,選択,可能,画質,カスタマイズ,可能,画面,英語,モード,製品,日本語,シネマ,プロ,カスタム,テレビ,的,映像,処理,控えめ,モニター,的,画,作り,マスター,モニター,的,映像,人,ニーズ,もの,最新,映画,デモ,コンテンツ,映像,音,一体,感,確認,視聴,最後,映像,実力,確認,収録,いくつ,デモ,コンテンツ,ほか,映画,音楽,コンテンツ,の,映像,音,一体,感,複数,登場,人物,会話,映画,一,場面,会話,人物,それぞれ,口,位置,声,よう,画面,上,音,定位,見事,映像,一致,の,音楽,画面,音,場,広がり,定位,感,優秀,テレビ,両側,立派,スピーカー,映画,館,よう,スクリーン,後ろ,スピーカー,スクリーン,透過,音,よう,感じ,感じ,視聴,体験,派手,アクション,場面,低音,以上,迫力,たっぷり,オペラ,舞台,オーケストラ,楽器,一斉,音,よう,曲,各,楽器,クリア,オーケストラ,スケール,感,雄大,再現,力,映像,鮮明,見通し,もの,コンテンツ,精細,感,よう,再現,宇宙,暗闇,星,数,今,以上,よう,シーン,階,調,豊か,さ,目,よう,高,輝度,輝き,存分,映像,音,一体,感,コンテンツ,魅力,アップ,ロビー,展示,型,有機,テレビ,現状,サイズ,製品,年,秋,投入,予定,参考,展示,品,ソニー,鮮明,映像,よう,印象,有機,ポテンシャル,さ,実感,映像,音,一体,こと,魅力,豊か,感覚,シリーズ,ならでは,もの,視聴,環境,場所,映像,音,両方,次回,世界,有機,テレビ,発売,エレクトロニクス,紹介
7,電子,月,日,型,有機,ディスプレー,搭載,機,ドコモ,向け,納入,発表,発売,日,月,日,幅,奥行き,さ,重量,ボディー,メタル,素材,ガラス,採用,キャップ,レス,防水,対応,ユーザー,要望,カメラ,アウト,側,万,画素,イン,側,万,画素,センサー,搭載,フラット,デザイン,レンズ,いずれ,値,もの,採用,手のひら,カメラ,自動的,シャッター,手のひら,シャッター,プレビュー,画面,上,位置,カメラ,ボタン,設定,フロント,ディスプレー,フラッシュ,自分,フラッシュ,肌,色合い,目,さ,顔,さ,プレビュー,画面,リアルタイム,確認,補正,美顔,モード,搭載,バッテリー,急速,充電,対応,分,フル,充電,可能,標準,省,電力,モード,最大,省,電力,モード,緊急,時,長持ち,モード,状況,省,電力,設定,搭載,プロセス,搭載,メモリー,容量,マルチ,ウィンドウ,機能,標準,対応,内蔵,ストレージ,スロット,最大,カード,対応,ソフト,面,シンプル,ホーム,画面,レイアウト,アイコ,ン,ん,モード,搭載,状態,解除,時間,曜日,日付,バッテリー,残,量,不在,着信,未,確認,メッセージ,常時,表示,ほか,指紋,認証,機能,信号,アップ,コンバート,機能,搭載,ほか,主,仕様,ディスプレー,インチ,ドット,無線
7,米,月,日,現地,時間,版,バージョン,アップデート,絵文字,手描き,検索,機能,追加,版,同日,アップデート,手描き,検索,版,追加,入力,絵文字,アイコ,ン,タップ,表示,検索,枠,右端,手描き,アイコ,ン,表示,よう,これ,タップ,手描き,用,パネル,表示,ここ,入力,絵文字,手描き,候補,表示,手描き,絵文字,検索,アップデート,他,入力,フレーズ,予測,表示,機能,検索,結果,状,表示,機能,追加,フレーズ,予測,機能,左,カード,状,検索,結果,表示,新た,バス,ベンガル,カシミール,コン,カニ,マラヤ,ラム,パンジャブ,サンスクリット,シンディ,タミル,語,サポート,日本,日本語,サポート
7,月,日,スマート,フォン,単体,スタンプ,制作,販売,日本,国内,先行,公開,無料,イラスト,作成,ソフト,ペン,タブレット,こと,スマ,ホ,記録,写真,イラスト,トリミング,透過,処理,スタンプ,制作,スタンプ,審査,申請,クリア,サイト,内,スタンプ,ショップ,販売,制作,者,スタンプ,売り上げ,手数料,％,うち,％,イラスト,作成,ソフト,不要,同社,年,ユーザー,自作,スタンプ,販売,プラットフォーム,オープン,年,月,時点,万,人,超,ユーザー,登録,スタンプ,の,専門,知識,特別,技術,必要,意見,新,これ,以上,多く,ユーザー,自由,簡単,スタンプ,制作
7,個人,的,リスト,方式,ほう,好き,スクリーン,グリッド,表示,特徴,的,デザイン,個人,的,好き,の,どこ,の,こと,事態,リスト,表示,解決,紹介,ベータ,版,画像,縦長,画面,一覧,リスト,表示,こと,表示,方法,切り替え,ホーム,スクリーン,画面,選択,一覧,アルファベット,順,デジタル,クラウン,リスト,スクロール,起動,並び,替え,不明,見た目,未来,感,ほう,人,の,トイ,ストーリー,フェイス,便利,機能,ワーク,アウト,アップ,グレード,音楽,機能,強化,さまざま,機能,追加,予定,秋,登場,新型,どれ,私,達,暮らし,便利,の,期待,手首,トイ,ストーリー,まとめ,塚本,直樹
8,日清食品,月,日,スパイス,キッチン,発売,近年,エスニック,ブーム,盛り上がり,熱狂,的,愛好,者,女性,中心,専門,店,オープン,ぐる,総研,発表,年,今年,一,皿,料理,ブーム,勢い,今年,発売,周年,スパイス,キッチン,シリーズ,スパイス,ハーブ,エスニック,料理,好き,女性,中心,好評,同,商品,クセ,さ,新,商品,麺,米,粉,つる,なめらか,食,感,歯応え,特徴,スープ,特有,風味,味わい,鶏,スープ,具,材,小袋,入り,後,がけ,スタイル,鶏,唐辛子,新,開発,加工,法,風味,色合い,形状,こと,フレッシュ,香り,存分,仕上がり,内容,量,価格,税別,円,同社,近年,異様,盛り上がり,中,度,飯,一方,ブーム,便乗,愛,欠如,商品,それ,多数,出現,状況,混迷,同社,危機,的,状況,解決,ため,真摯,試行錯誤,開発,同,商品,世,こと,日本,中,真偽
8,東京プリンスホテル,内,ビアレストラン,総,席,数,席,席,屋外,芝公園,隣接,増上寺,緑,自然,大,規模,こちら,夏,記念,日,自分,ご,褒美,特別,シーン,日,組,名,限定,名,あたり,万,円,税込,高,価格,バーベキュー,メニュー,展開,写真,ギャラリー,神戸,牛,伊勢,海老,料理,画像,こちら,メニュー,名,神戸,ビーフ,伊勢,海老,国産,プレミアム,セット,食材,和牛,中,流通,量,希少,神戸,ビーフ,国産,伊勢,海老,ほか,蟹,王様,蟹,鮑,食材,惜しげ,提供,料理,シェフ,席,横,リゾート,雰囲気,椅子,テーブル,東京,タワー,こと,特別,席,雨天,時,食事,こと,同,その他,メニュー,鉄板,焼き,バーベキュー,セット,和牛,伊勢,海老,外国,産,シーフード,セット,用意,特別,日,思い出,作り,一流,ホテル,体験,いかが,神戸,ビーフ,伊勢海,老,国産,プレミアム,セット,名,日,組,名,限定,利用,日,日,前,要,予約,カリフラワー,野菜,入り,キャビア,涼しげ,前菜,それぞれ,要望,席,横,シェフ,食材,牛肉,神戸,ビーフ,サーロイン,肉,種類,部位,食,感,味わい,違い,ほか,国産,伊勢,海老,蟹,鮑,堪能,前菜,シーフード,ゼリー,寄せ,キャビア,シーザー,サラダ,生,ハム,神戸,ビーフ,サーロイン,神戸,伊勢,海老,国産,鮑,蟹,パプリカ,ホワイト,アスパラガス,フルーツ,デザート,和牛,伊勢,海老,外国,産,シーフード,セット,名,和牛,サーロイン,和牛,もも肉,伊勢,海老,外国,産,米国,産,牛,タン,帆立貝,烏賊,串,蟹,パプリカ,茄子,とうもろこし,焼きそば,種,ソース,枝豆,鉄板,焼き,バーベキュー,セット,名,和牛,もも肉,オーストラリア,産,牛,サーロイン,豚,肩,ロース,海老,帆立貝,烏賊,串,蟹,パプリカ,茄子,とうもろこし,焼きそば,種,ソース,枝豆,レディース,セット,サマー,カラフル,バーベキュー,名,日,名,限定,カラフル,野菜,バランス,女性,限定,メニュー,女性,企画,プロジェクト,チーム,プロジェクト,考案,女子,会,向け,メニュー,抗,酸化,力,免疫,力,アップ,健康,維持,効果,期待,ファイト,ケミカル,多く,カラフル,野菜,レディース,プラン,限定,特典,付き,こと,レディース,プラン,特典,乾杯,用,杯,付き,ノン,アルコール,カクテル,種,放題,メニュー,追加,前菜,カリフラワー,ムース,野菜,ゼリー,寄せ,ジャー,サラダ,米国,産,牛,カルビ,豚,肩,ロース,米国,産,牛,タン,海老,帆立貝,烏賊,串,グリル,ポテト,ズッキーニ,ブロッコリー,パプリカ,焼き,焼きそば,種,ソース,フルーツ,デザート,上記,他,セット,メニュー,屋内,パーティー,プラン,ア・ラ・カルト,メニュー,用意,各,料金,消費,税,仕入れ,状況,食材,メニュー,変更,場合,特定,原材料,品目,えび,かに,小麦,そば,卵,乳,落花生,食物,アレルギー,係,お,東京プリンスホテル,森,中,概要,都心,アクセス,至便,立地,芝公園,緑,自然,開放,感,ロケーション,ディナー,タイム,新た,高,価格,メニュー,種類,セット,メニュー,営業,すべて,セット,放題,時間,制,付き,名,称,森,中,場,所,東京プリンスホテル,ビアレストラン,ホテル,前庭,期,間,年,月,日,木,月,日,金,時,間,ランチ,ラスト,オーダー,土,休日,営業,ご,予約,制,ディナー,ラスト,オーダー,席,数,席,屋外,席,屋内,席,写真,ギャラリー,神戸,牛,伊勢,海老,料理,画像,肉
8,パーフェクト,黒,ラベル,サッポロビール,パーフェクト,黒,ラベル,月,日,火,月,日,日,予定,西梅田,スクエア,期間,限定,オープン,写真,会場,イメージ,一部,店,パーフェクト,黒,ラベル,提供,ほか,黒,ラベル,ブランド,黒ビール,黒,ラベル,黒,数量,限定,登場,唐,揚げ,ステーキ,肉,料理,はじめ,サラダ,野菜,料理,冷,製,料理,ソース,焼きそば,おでん,大阪,ならでは,多彩,フード,メニュー,用意,店舗,内,新設,空間,演出,初,階,席,プライベート,大型,テント,内,設置,登場,大人,エレベーター,世界,観,再現,エレベーター,扉,向こう,特別,空間,完全,予約,制,一大,ビール,ブランド,魅力,凝縮,会場,パーフェクト,生ビール,体験,編集,部,国分,洋平
8,伏見,区,人気,ラーメン,店,麺,心,田,新,店舗,墨染,麺,中心,メニュー,新店,系,具,材,バランス,食,感,一,杯,学生,墨染,新店,オープン,伏見,大手,筋,近く,人気,ラーメン,店,麺,心,田,墨染,駅,近く,麺,フォーカス,新店,年,６月,オープン,名,麺,心,田,章,人気,うどん,店,纏,向かい,あたり,北,藤森,神社,車,バイク,お越し,際,北,向き,通行,気,お,店,自体,通り,沿い,間口,小路,よう,こちら,玄関,口,新店,こと,玄関,店内,お,花,提灯,麺,パネル,目印,麺,和風,そば,イメージ,店内,和風,アットホーム,雰囲気,テーブル,席,カウンター,８,席,割,店舗,スタッフ,さん,声,麺,こだわり,自家製,麺,長野,県,産,石臼,びき,全粒粉,麺,計算,麺,麺,フォーカス,エッジ,メニュー,こちら,メイン,メニュー,麺,豚,明太子,３,種類,月,替わり,ラーメン,豚,明太子,麺,麺,大盛り,無料,の,近く,学生,みんな,大盛り,６月,月,替わり,海老,ラーメン,最初,スタンダード,メニュー,麺,大盛り,円,注文,注文,時,にんにく,有無,お,好み,お伝え,タイプ,ラーメン,にんにく,方,麺,そば,一線,トッピング,豚,鶏肉,玉ねぎ,水菜,黄身,バケット,麺,うえ,そば,系,中,太,麺,前述,よう,全粒粉,自家製,お,そば,食,感,麺,系,たくさん,麺,タレ,具,材,馴染,よう,すべて,主張,黄身,まろやか,輪,唐辛子,ニンニク,パンチ,味わい,豚,鶏肉,タレ,美味,豚,感じ,たまねぎ,水菜,バケット,食,感,アクセント,麺,主体,強気,メニュー,構成,そば,ラーメン,好き,方,新店,系,の,エッジ,バランス,一,杯,麺,心,田,章,反響,麺,心,田,章,店舗,情報,店名,麺,心,田,章,住所,京都,市,伏見,区,深草北新,町,営業,時間,定休,日,不,定休,ご,確認,店舗
8,東洋,亭,ハンバーグ,ステーキ,ランチ,トマト,サラダ,パン,ライス,付き,円,キャピタル,東洋,亭,本店,キャピタル,東洋,亭,本店,今,年,前,明治,年,初代,高橋,銀,次,郎,京都,河原町,洋食,店,開業,の,きっかけ,昭和,年,現在,京都,北山,移転,お客,さん,なか,世代,世代,常連,さん,同店,秘訣,一つ,洋食,店,フランス,料理,店,時代,ニーズ,業態,メニュー,変更,こと,ん,情報,関西,年,月,日,発売,号,写真,トマト,サラダ,トマト,キャピタル,東洋,亭,本店,瞬間,幸せ,肉汁,たっぷり,ハンバーグ,現在,看板,メニュー,東洋,亭,ハンバーグ,ステーキ,ランチ,円,年,前,京都,高島屋,出店,際,目玉,メニュー,考案,一品,当時,親交,人気,店,教え,完成,の,アルミホイル,登場,姿,インパクト,大,ハンバーグ,肉汁,ドク,ドク,様子,圧巻,ハンバーグ,絶妙,コンビネーション,サラダ,副,菜,徹底,美味,創業,年,老舗,店頭,味,さ,季節,産地,トマト,サラダ,トマト,前菜,トマト,サラダ,さ,甘味,国産,トマト,一つ,一つ,湯,酸味,ドレッシング,ツナ,サラダ,胃袋,食欲,刺激,お客,さん,オーダー,ハンバーグ,ステーキ,供,好評,こだわり,ひと,皿,合,ミンチ,ランチ,円,サラダ,パン,ライス,付き,窯,焼き,中,外,食,感,自慢,ランチ,サラダ,スープ,付き,円,店内,飴色,床や,家具,レ,トロ,雰囲気,おしゃれ,テーブル,配置,贅沢,ひと,時,キャピタル,東洋,亭,本店,住所,京都,市,北,区,上賀茂,岩,垣内,町,電話,時間,ランチ,ディナー,休み,席,数,席,交通,地下鉄,烏丸線,北山,駅,徒歩,分,関西,編集,部
1,モデル,プレス,月,日,韓国,人気,ファッション,聖地,開催,コラボレーション,イメージ,モデル,起用,写真,提供,画像,写真,最,注目,日本語,楽曲,初,披露,レコーディング,映像,解禁,毎年,人気,アーティスト,タレント,コラボレーション,話題,本,セール,日本,デビュー,直後,新人,起用,こと,異例,こと,渋谷,街,象徴,ビル,外壁,通称,シリンダー,他,ビジュアル,掲出,日本,初,オープン,プレゼント,キャンペーン,さまざま,コラボレーション,実施,予定,旋風,韓国,デビュー,年,か月,足らず,権威,賞,ひとつ,回,ゴールデン,ディスク,アワード,大賞,満,持,日本,デビュー,彼女,たち,女子高,生,中学生,中心,ポーズ,ダンス,ブーム,動画,投稿,文化,祭,ダンス,クラス,続出,旋風,中,月,日,デビュー,ベスト,アルバム,読み,リリース,編集,部,記事
1,春,興行,収入,億,円,突破,大,ヒット,記録,ディズニー,アニメーション,最新,作,伝説,海,月,日,リリース,月,日,先行,デジタル,配信,開始,本,作,劇場,公開,時,ガ,ジェット,通信,日本語,屋比久,知,さん,尾上,松也,さん,インタビュー,様々,記事,ご,紹介,動画,伝説,海,屋比久,知,さん,尾上,松也,さん,インタビュー,ディズニー,アニメーション,想い,今回,伝説,海,ロサンゼルス,ディズニー,アニメーション,スタジオ,潜入,取材,監督,はじめ,ディズニー,アニメーション,歴史,アニメーション,リサーチ,ライブラリー,見学,たくさん,勉強,回,目,ディズニー,アニメーション,スタジオ,篇,スタジオ,外観,内観,ご,紹介,ディズニー,アニメーション,スタジオ,年,ウォルト・ディズニー,スタジオ,創設,設立,年,長編,映画,作,目,白雪姫,現在,本,長編,アニメーション,制作,近年,発表,の,アナ,雪,女王,ベイ,マックス,最新,作,伝説,海,ウォルト・ディズニー,スタジオ,入り口,柵,ミッキー,芸,中,白雪姫,七,人,小人,建物,様,オフィス,ウォルト・ディズニー,ミッキー,像,お,友達,ベンチ,柱,ディズニー,作品,貢献,俳優,名前,手形,こちら,ジョージ,ルーカス,確か,ミッキーマウス,手,本,お,城,様,ディズニー,想像,力,象徴,オブジェ,蒸気,船,ミッキー,細か,ところ,キャラ,凝り,方,上,写真,キャラクター,皆さん,オブジェ,デザイン,まま,トロフィー,サイズ,先ほど,紹介,皆さん,こと,ウォルト・ディズニー,スタジオ,敷地,内,ミッキー,絵,給水,塔,道路,ミッキーマウス,プリント,たくさん,人,オフィス,何もかも,素敵,心,後室,内,お,邪魔,ウォルト・ディズニー,アニメーション,スタジオ,外観,ファンタジア,魔法使い,弟子,帽子,箱,様,デザイン,キュート,建物,中,開放,感,エン,トランス,お,出迎え,伝説,海,コンセプト,アート,アナ,雪,女王,アート,カフェ,スペース,スタッフ,皆さん,憩い,場,充実,大量,フルーツ,キッチン,シリアル,たくさん,カフェ,メニュー,文字,ご,注目,部分,魔法使い,弟子,帽子,ん,ニック,オブジェ,越し,テラス,スペース,さ,そう,トイレ,マーク,キャラクター,伝説,海,アート,こちら,たくさん,次回,ディズニー,アニメーション,スタジオ,展示,伝説,海,アート,アニメーション,映画,様,の,ご,紹介,お,楽しみ,伝説,海
1,手,越,祐也,これ,本当,事務所,ん,みんな,記事,すべて,写真,月,日,コンサート,ツアー,月,日,東京ドーム,公演,大,盛況,まま,幕,よう,月,日,和歌山,公演,メンバー,手,越,祐也,よう,の,月,中旬,手越,さん,本人,アカウント,もの,流出,プライベート,写真,ん,中,交友,関係,関係,者,チケット,存在,手越,さん,発言,投稿,ヘリコプター,自,写真,本人,もの,間違い,ファン,手越,災難,これ,億,円,金塊,強奪,事件,逮捕,中,人,手越,記念,写真,投稿,こと,交友,関係,の,波紋,お,店,一緒,撮影,事務所,コメント,芸能,レポーター,その後,週刊,誌,手越,関係,女性,たち,暴露,これら,彼,冒頭,よう,釈明,の,手越,これ,柏木,由紀,元,鬼頭,桃,菜,ツーショット,写真,流出,ここ,立て続け,醜聞,の,今,事務所,タブー,週刊,誌,直撃,強靭,メンタル,手,彼,今回,よう,前,出,芸能,レポーター,意気,消沈,彼,気持ち,ところ,手越,さん,大,サッカー,好き,自ら,代々木,台場,仲間,たち,頻繁,試合,以前,愛,月末,翌月,予定,マネージャー,仕事,それ,以外,彼,予定,ん,今,こと,の,知人,チーム,メンバー,一緒,女性,会,開催,こと,よう,今回,情報,流出,元,身内,の,疑心暗鬼,みたい,前,出,知人,謝罪,和歌山,公演,日,前,大阪,目撃,談,手越,遠征,先,羽目,よう,ご,用心
1,ドラゴン,ボール,悟,空,超,ラッシュ,表現,最新,公開,画像,ソフト,ドラゴン,ボール,弾,公開,開発,担当,本,作,対,チーム,戦,採用,本格,格闘,ゲーム,戦略,的,駆け引き,ドラゴン,ボール,ならでは,超,高速,バトル,ド,派手,必殺,技,こと,アニメ,表現,立体,表現,融合,切り口,本,作,バトル,たび,こだわり,ビジュアル,表現,確認,弾,公開,ドラゴン,ボール,新た,バトル,目,直接,チェック,動画,ドラゴン,ボール,年,初頭,発売,予定,集英社,フジテレビ,東映,アニメーション
1,ルパート,英,コメディ,ドラマ,共演,画像,最近,一時期,お,ニュース,元,ティーン,アイドル,女優,映画,ハリー,シリーズ,俳優,映画,宇宙,人,ポール,俳優,出演,新,コメディ,ドラマ,原題,出演,自身,報告,関連,フォト,ギャラリー,英,局,原題,保険,会社,サラリーマン,恋愛,ルパート,ダニエル,グラス,主人公,出演,の,シーズン,ダニエル,会社,ボス,娘,役どころ,ボス,海外,ドラマ,特捜,刑事,一世,風靡,俳優,ドン,ジョンソン,シーズン,今秋,放送,予定,現在,シーズン,撮影,シーズン,ダニエル,ニック,無能,医師,不治の病,誤診,挙げ句,同僚,友人,家族,説得,こと,ウソ,収拾,事態,さま,引用
2,日本,男,山口,代役,候補,日本,代表,遠藤,航,日,ロシア,ワールドカップ,杯,アジア,最終,予選,イラク,戦,高温,乾燥,環境,下,ゲーム,マネジメント,分間,監督,シリア,戦,前日,記者,会見,中盤,負傷,者,続出,こと,なか,クローズアップ,の,指揮,官,日本,評価,遠藤,存在,山口,蛍,別,メニュー,調整,ボール,奪取,能力,遠藤,アンカー,代役,起用,選択肢,浮上,クラブ,シーン,バック,中央,プレー,浦和,サッカー,後方,供給,攻撃,的,仕事,一方,ポジション,一,列,前,相手,プレス,環境,度,度,変化,遠藤,浦和,不安,それ,言い訳,普段,プレッシャー,フィーリング,あと,ピッチ,状態,自分,さ,縦,ボール,イメージ,イラク,戦,中立,地,イラン,開催,夕方,時間,帯,キックオフ,高温,乾燥,状況,選手,たち,水分,補給,重要,性,口,遠藤,試合,チーム,マネジメント,必要,性,代表,定着,イラク,戦,大事,チーム,全体,さ,話,ところ,ギア,判断,守備,前,ところ,ブロック,判断,分,自分,昨年,リオデジャネイロ,五輪,出場,チーム,キャプテン,アジア,制覇,本,大会,不動,存在,攻守,両面,リオ,五輪,世代,屈指,代表,定着,ワールドカップ,出場,チャンス,何,回,もの,代表,上,イラク,戦,大事,危機,感,代表,クラス,選手,浦和,統率,力,発揮,遠藤,大,一番,イラク,戦,チーム,中心,キーマン,指名,了,編集,部,文,写真
2,超,不振,巨人,更迭,ペナント,奪回,不可能,状態,緊急,事態,堤,責任,補強,失敗,億,補強,成果,それ,現在,姿,わけ,割,勝率,数字,何,年,月,日,交流,戦,巨人,勝率,勝,敗,球団,最下位,実態,巨人,優勝,候補,開幕,前,予想,巨人,優勝,評論,家,先生,方,時点,セ・リーグ,順位,勝,敗,首位,ゲーム,差,位,予想,もの,言い訳,日,日本ハム,連戦,札幌,思い,戦い,戦,象徴,的,巨人,在籍,投打,選手,先発,村田,大体大,原,監督,時代,ドラフト,位,指名,獲得,投手,シーズン,クビ,一軍,登板,村田,年,米,球界,年,昇格,日本ハム,今季,村田,イニング,点,一,人,打者,大田,元,位,松井,秀喜,後継,者,期待,日本ハム,放出,連戦,本塁打,強烈,恩返し,先発,人,うち,生え抜き,人,球団,新,記録,連敗,優勝,状態,チーム,作り,問題,指摘,これ,大金,投入,他,球団,主力,獲得,ため,生え抜き,こと,の,日本ハム,戦,先発,メンバー,中堅,陽,日本ハム,左翼,石川,日本ハム,三塁,マギー,大リーグ,一塁,村田,横浜,遊撃,クルーズ,ロッテ,捕手,実松,日本ハム,生え抜き,番,指名,打者,阿部,番,右翼,長野,人,人,外様,の,以前,二,軍,指導,者,こと,上達,選手,推薦,ポジション,大物,他,球団,二,軍,選手,夢,希望,巨人,優勝,至上,命令,自軍,実力,者,の,堤,高橋,監督,慶大,先輩,高橋,身代わり,感じ,クラス,シーズン,こと,監督,交代,浮上,連敗,中,涙,巨人,復活,ファン,納得,敬称,略,スポーツ,ジャーナリスト,菅谷,齊
2,オリックス,福良,淳一,監督,昨年,度,サヨナラ,戦,連続,逆転,負け,交流,戦,好調,オリックス,年,連敗,中,鬼門,広島,戦,昨年,試合,リード,状況,試合,終盤,すべて,逆転,連敗,伸び,盛り,広島,鈴木,初戦,サヨナラ,ラン,戦,逆転,サヨナラ,ラン,戦,決勝,ソロ,試合,連続,被弾,ここ,流行,語,大賞,緒方,監督,神,発言,広島,リーグ,優勝,勢い,加速,連戦,オリックス,完全,最下位,オープン,戦,交流,戦,シーズン,二,軍,元凶,悪夢,同,一,カード,連敗,今年,交流,戦,ソフトバンク,勝,敗,首位,広島,連戦,広島,年,連敗,現在,連敗,中,年,分,年,以来,度目,最高,勝率,優勝,日,試合,予定,巨人,菅野,智之,ソフトバンク,東浜,東京ドーム,時,分,最近,試合,成績,セ,位,ソ,パ,位,ヤクルト,石川,雅,規,楽天,釜田,佳,直,神宮,時,分,最近,試合,成績,セ,位,楽,パ,位,石田,健,大,ロッテ,石川,歩,横浜,時,分,最近,試合,成績,セ,位,ロ,パ,位,中日,又吉,克樹,日本ハム,加藤,貴之,ナゴヤ,ドーム,時,分,最近,試合,成績,中,セ,位,日,パ,位,阪神,秋山,拓,巳,西武,野上,亮,磨,甲子園,時,分,最近,試合,成績,神,セ,位,西,パ,位,広島,薮田,和樹,オリックス,金子,千尋,三,次,時,分,最近,試合,成績,セ,位,パ,位
2,移籍,所属,写真,スペイン,部,所属,移籍,スペイン,紙,今季,国内,リーグ,カップ,戦,ゴール,アシスト,マーク,期待,若手,今夏,移籍,市場,話題,選手,一,人,歳,さ,結果,上,移籍,金,万,ユーロ,億,万,円,格安,こと,獲得,熱望,クラブ,の,納得,最終,的,移籍,決着,そう,当初,移籍,志願,サンド,ロ,最終,的,補強,禁止,処分,撤回,こと,移籍,断念,要因,同紙,日,日曜,サンド,ロ,自身,ホームタウン,リバプール,移籍,交渉,よう,側,移籍,うわさ,退団,何,若手,ストライカー,獲得,ところ
2,就任,会見,後,石井,球団,社長,左,握手,鹿取,ＧＭ,巨人,１,３,日,都内,株主,総会,取締役,会,久保,博,代表,取締役,社長,代表,取締役,会長,石井,一夫,読売新聞,東京,本社,取締役,事業,局長,代表,取締役,社長,それぞれ,就任,堤,辰,佳,取締役,ＧＭ,兼,編成,本部,長,退任,堤,氏,ＧＭ,兼,編成,本部,長,特別,ＧＭ,補佐,鹿取,義隆,氏,就任,こと,発表,石井,新,球団,社長,鹿取,新,ＧＭ,球団,事務所,会見,石井,新,社長,チーム,作り,チーム,作り,胸,チーム,作り,３,本,柱,勝利,手,こと,抱負,口,鹿取,新,ＧＭ,若手,こと,欠陥,指摘,育成,部門,立て直し,意欲
3,上記,画像,文言,クリック,元,記事,動画,再生,きょう,今,天,こちら,台風,梅雨,前線,大雨,警戒,動画
3,上記,画像,文言,クリック,元,記事,動画,再生,朝,通勤,ラッシュ,時,京浜急行,駅,架線,風船,分,運転,風船,トラブル,今回,動画
3,上記,画像,文言,クリック,元,記事,動画,再生,何,の,危険,映像,動画
3,福岡,市,獣,医師,会,加盟,動物,病院,今月,市,東部,動物,愛護,管理,センター,同市,東,区,蒲田,５,丁目,保護,子猫,飼い主,募集,これ,管理,センター,動物,好き,動物,病院,飼い主,よう,子猫,処分,の,狙い,管理,センター,２,０,１,５,年度,市内,処分,猫,４,５,１,匹,うち,９,１,匹,交通,事故,けが,猫,３,６,０,匹,子猫,市,市,獣,医師,会,昨年,市民,子猫,離乳,２,カ月,間,取り組み,ミルク,ボランティア,１,日,３,５,回,哺乳,排泄,はいせつ,補助,必要,経費,市,市,獣,医師,会,負担,加盟,動物,病院,子猫,健康,管理,現在,飼育,中,子猫,これ,４,３,頭,ミルク,ボランティア,子猫,管理,センター,飼い主,募集,今月,市,獣,医師,会,加盟,各,動物,病院,子猫,人,人,募集,室内,飼育,環境,飼い主,こと,困難,場合,別,飼育,人,確保,譲渡,主,条件,譲渡,前,管理,センター,子猫,予防,接種,体,無害,マイクロ,チップ,譲渡,後,子猫,成長,不妊,去勢,手術,費用,市,市,獣,医師,会,負担,２,日,市,獣,医師,会,東田,周三,会長,院長,ベル,動物,病院,同市,早良,区,次郎丸,１,丁目,譲渡,予定,４,匹,子猫,東田,会長,動物,こと,ステキ,こと,生活,豊か,動物,こと,人,子猫,情報,センター,ホームページ,各,動物,病院,チラシ,こと,問い合わせ,センター,０,９,２,・,６,９,１,・,０,１,３,１,伊藤,繭
3,卵,白身,熱湯,たま,執念,日清食品,公開,チキン,ラーメン,動画,たま,警察,時,完全,警察,時,メン,パロディ,チキン,ラーメン,力作,動画,お,約束,職,質,スタート,葛,和,伸二,警部補,不審,ビニール,袋,物体,確認,出典,チキン,ラーメン,たま,警察,時,篇,職務,質問,感じ,警ら,隊,コンビ,感じ,完全,警察,時,物体,目,杉田,明,巡査,部長,応援,要請,事件,発生,家宅,捜索,キッチン,様子,監視,出典,チキン,ラーメン,たま,警察,時,篇,今宵,職,質,プロ,犯罪,の,葛,和,伸二,警部補,お湯,湯気,確認,突入,出典,チキン,ラーメン,たま,警察,時,篇,緊迫,空気,中,入れ,スタート,出典,チキン,ラーメン,たま,警察,時,篇,たま,押し問答,お湯,警察,言いがかり,出典,チキン,ラーメン,たま,警察,時,篇,怒号,ご,主人,はず,出典,チキン,ラーメン,たま,警察,時,篇,ナレーター,付き,動画,ご覧,出典,チキン,ラーメン,たま,警察,時,篇,警察,ん,ご,主人,伸び,ん,至極,真っ当,ご,意見,出典,チキン,ラーメン,たま,警察,時,篇,卵,白身,かなり,勢い,熱湯,主人,スピード,違反,こと,鶏,らん,取締,法,違反,検挙,悲劇,茶番,劇,全力,日清食品,さん,スピード,違反,注意,同時,公開,日清食品,ビデオ,飛行機,案内,ビデオ,チキン,ラーメン,完成,度
4,日本航空,年度,入社,客室,乗務,職,社員,既,卒,募集,実施,応募,資格,年,月末,時点,専門,学校,短期大学,高等,専門,学校,年,制,大学,大学院,修士,課程,卒業,修了,方,年,月,以降,会社,指定,時期,入社,方,過去,採用,応募,方,対象,呼吸,器,循環,器,耳鼻咽喉,眼球,脊椎,航空機,乗務,支障,必要,体力,心身,とも,健康,方,コンタクトレンズ,矯正,視力,両,眼,以上,こと,条件,名,程度,正社員,採用,一,次,選考,札幌,東京,名古屋,大阪,福岡,都市,実施,その後,選考,東京,実施,選考,方法,書類,選考,面接,試験,筆記,試験,健康,診断,体力,測定,適性,検査,詳細,こちら
4,北九州,襄,陽,線,定期,チャーター便,利用,北九州,発着,航空,券,旅行,商品,販売,旅行,代理,店,開始,襄,陽,ヤン,ヤン,韓国,東北,部,江原,道,位置,山岳,リゾート,海水浴,場,観光,資源,都市,平,昌,オリンピック,主要,会場,車,時間,程度,アクセス,運賃,片道,円,往復,円,円,ツアー,円,観光,年,設立,年,運航,開始,国内線,ソウル,金浦,光州,釜山,国際線,対馬,年,月,北九州,襄,陽,定期,チャーター便,就航,型,機,機,保有,月,号機,導入,計画,ダイヤ,襄,陽,北九州,火,木,土,北九州,襄,陽,火,木,土,詳細,こちら
4,福岡,南,署,１,３,日,住所,不定,無職,男,３,２,窃盗,容疑,逮捕,逮捕,容疑,４月,９,日,午後,６,時,１,４,分,ごろ,福岡,市,南,区,野間,１,丁目,店舗,駐車,場,自転車,前,かご,同市,博多,区,パート,女性,６,３,財布,同,６,時,２,８,分,ごろ,同区,野間,３,丁目,スーパーマーケット,財布,クレジットカード,セルフ,レジ,精算,食料,品,９,０,０,０,円,分,疑い,西日本,新聞
4,東京,浅草,観光,名所,浅草寺,東京,都,台東,区,１,３,日,チタン,製,瓦,使用,五重塔,報道陣,公開,屋根,ふき,替え,従来,アルミ,製,変更,アルミ,目,補修,費用,浅草寺,守山,雄,順,執事,長,数,十,年,以上,メンテナンス,不要,チタン,瓦,値段,価値,五重塔,濃淡,３,種類,色,チタン,瓦,５,万,７,０,０,０,枚,使用,浅草寺,チタン,瓦,の,宝蔵,門,本堂,３,カ所,目
4,１,３,日,東京,株式,市場,日経,平均,株価,１,万,９,８,９,８,円,７,５,銭,前日,終値,比,９,円,８,３,銭,安,出来高,概算,１,６,億,１,４,０,０,万,株
5,首相,去就,混乱,そう,写真,イメージ,圧勝,解散,総,選挙,英,首相,見通し,さ,致命傷,テロ,緊迫,英国,躍進,の,最大,野党,労働党,与党,保守党,首相,全て,裏目,選挙,戦,大,規模,テロ,中,英,総,選挙,下院,定数,テロ,警戒,厳戒,態勢,月,日,投票,日,国民,答え,中ぶらりん,議会,過半数,議席,政党,不在,状態,言葉,伝統,的,連立,政権,英国,政治,混乱,意味,連立,場合,過半数割れ,議席,下院,党,維持,保守党,連立,工作,優位,立場,議席,最大,野党,労働党,存在,感,政権,基盤,総,選挙,選択肢,中,欧州,連合,離脱,交渉,見通し,思惑,見え,見え,反発,任期,満了,年,実施,総,選挙,前倒し,首相,今年,月,日,発表,狙い,交渉,本格,化,前,保守党,勢力,政権,基盤,盤石,こと,当時,世論,調査,支持,率,労働党,ポイント,以上,圧勝,見通し,判断,思惑,見え,見え,逆,国民,反発,国民,ため,選挙,保守党,ため,政治,ゲーム,英,中部,音楽家,ダン,ジャクソン,さん,労働党,投票,理由,説明,労働党,反対,ため,離脱,交渉,信任,投票,保守党,思惑,最初,代わり,首相,選挙,公約,政策,批判,集中,もの,労働党,逆,支持,保守党,社会,保障,改革,公約,不評,高齢,者,在宅,介護,自己,負担,額,見直し,案,高齢,者,自己,資金,自ら,介護,究極,緊縮,財,政策,認知,症,税,世論,反発,負担,額,上限,見直し,選挙,中,テロ,支持,拡大,裏目,保守党,公的,部門,昇給,抑制,年率,上限,％,国営,医療,制度,国民,保健,サービス,民営,化,緊縮,財,政策,徹底,これ,国民,不満,さ,首相,拡充,大学,授業,料,無料,化,左派,政策,労働,党首,人気,逆,自責,点,労働党,投票,さん,自身,財源,不足,フルタイム,自分,医療,費,十分,％,昇給,抑制,冗談,そのもの,物価,上昇,対応,裕福,の,上流,階級,中流,階級,以下,切り捨て,緊縮,緊縮,警察官,万,人,削減,テロ,対応,わけ,氏,期待,月,ロンドン,テロ,事件,月,選挙,戦中,マンチェスター,ロンドン,テロ,治安,対策,争点,急,浮上,テロ,対策,強化,約束,求心力,首相,自身,内相,時代,警察官,削減,こと,批判,これ,裏目,党,テロ,対策,難題,テロ,自体,投票,結果,左右,テロ,理由,支持,首相,姿勢,多く,人,福岡,市,英語,教師,エミリー,トンプソン,さん,分析,労働党,党首,期待,私,たち,年代,みな,首相,去就,混乱,そう,編集,部,山本,大輔,年,月,日,号
5,火葬,費用,父親,兄弟,６月,１,３,日,中国,記事,小,ネタ,集中,国,インターネット,メディア,今日,記事,お,届け,夫婦,喧嘩,バス,広州,深セン,高速,バス,ごと,ひとり,男性,客,運転,席,ハンドル,１,０,０,メートル,走行,後,排水,溝,横転,８,人,負傷,者,事故,男性,車内,妻,喧嘩,こと,情緒,不安定,犯行,こと,事故,気,つけ,よう,夫婦,喧嘩,家庭,内,お願い,失敗,路上,彼女,逆,プロポーズ,四,川,省,花,市場,広場,ウェディング,ドレス,身,花束,女性,公開,逆,プロポーズ,さ,そう,彼氏,様子,観衆,ドキドキ,内気,彼氏,彼女,失敗,の,プロポーズ,俺,こと,２,歳,双子,すき焼き,敗血症,台湾,夫婦,２,歳,双子,すき焼き,ところ,生,卵,原因,敗血症,４,日,連続,３,９,度,発熱,抗生,剤,投与,１,４,日,後,回復,こと,子ども,生,卵,危険,こと,医師,警告,火葬,費用,父親,兄弟,浙江,省,嘉,興,市,警察,あきらか,ところ,５,３,歳,病死,父親,遺体,ゴミ箱,罪,拘束,兄弟,そう,火葬,場,火葬,費用,負担,こと,行為,次男,そう,嘉,興,市内,火葬,場,火葬,費用,３,１,０,元,５,０,０,０,円,火葬,場,遺体,車両,利用,６,０,０,元,９,７,０,０,円,程度,こと,肉親,未来,妻,あなた,どっち,河南,省,男性,慢性,尿毒症,発症,それ,彼,弟,仕事,入籍,目前,彼女,兄,臓器,提供,こと,決意,失,二,人,うち,どちら,時,あなた,どちら,イメージ,写真,提供,１,２,３,Ｒ
5,ロシア,各地,政権,汚職,抗議,デモ,数,百,人,拘束,大統領,選挙,来年,３月,政権,側,神経,モスクワ,中心,部,１,２,日,政権,汚職,抗議,反,政権,デモ,インタファクス通信,モスクワ,２,か所,６,３,０,０,人,参加,治安,部隊,出動,内務省,１,５,０,人,以上,人権,擁護,団体,７,５,０,人,拘束,発表,デモ,ロシア,各地,サンクトペテルブルク,内務省,発表,５,０,０,人,拘束,中,ロシア,野党,勢力,指導,者,氏,無,許可,場所,デモ,モスクワ,自宅,前,拘束,６月,１,２,日,あなた,街,反,汚職,集会,多く,人,あなた,よう,ロシア,野党,勢力,指導,者,氏,ネット,上,メッセージ,発信,世代,支持,氏,来年,３月,大統領,選,出馬,意欲,こと,政権,神経,反,政権,デモ,ロシア,国営,２,４,時間,ニュース,番組,主要,時間,帯,代わり,デモ,横,ロシア,祝日,１,２,日,イベント,様子,放送,来年,３月,大統領,選,野党,勢力,政権,側,攻防,今後,様々,形,もの,日
5,中国人,観光,客,女性,人,警告,無視,遊び,タイ,タイ,プーケット,日,中国人,観光,客,女性,人,事故,タイ,最近,外国,人,観光,客,海,事故,多発,写真,プーケット,ビーチ,タイ,プーケット,日,中国人,観光,客,女性,人,事故,人,重症,人,軽傷,いずれ,命,別状,現地,メディア,女性,ら,危険,ロープ,複数,現地,係員,注意,これ,無視,心配,係員,事故,人,監視,ところ,分,人,高波,海,人,救助,応急,処置,うえ,病院,搬送,中国,ネット,ユーザー,警告,ん,自業自得,海外,旅行,問題,の,中国人,イメージ,こと,もの,批判,声,一方,の,人,人,タイ,語,英語,ロープ,意味,理解,の,声,私,大連,地方,観光,客,大波,海,私,たち,現地,人,海,安全,知識,の,指摘,タイ,最近,外国,人,観光,客,海,事故,多発,タイ,観光,スポーツ,省,今年,月,日,月,日,タイ,海,外国,人,人,うち,人,死亡,国籍,別,中国,最多,人,以下,ロシア,人,英国,人,インド,人,ドイツ,人,そう,翻訳,編集,北田
5,アメリカ,元,プロ,バスケットボール,選手,デニス,ロッド,マン,氏,北朝鮮,ロッド,マン,氏,訪朝,目的,アメリカ,北朝鮮,対話,ドア,ため,金,正,恩,党,委員,長,面会,来週,訪朝,目的,アメリカ,北朝鮮,対話,ドア,ため,デニス,ロッド,マン,氏,経由,地,北京,空港,取材,デニス,ロッド,マン,氏,訪朝,目的,アメリカ,北朝鮮,対話,ドア,ため,上,何,積極,的,こと,金,正,恩,キム,ジョン,党,委員,長,面会,予定,明確,日時,明らか,北朝鮮,拘束,アメリカ,人,４,人,交渉,それ,今回,目的,否定,ロッド,マン,氏,これ,４,回,北朝鮮,２,０,１,４,年,金,委員,長,バスケットボール,観戦,日
6,萩,観光,好,立地,山口,萩,リーズナブル,充実,東,萩,駅,徒歩,分,城下町,松陰神社,萩,反射,炉,萩,代表,観光,地,すべて,好,立地,の,萩,リーズナブル,部屋,居心地,無料,朝食,大,浴場,サウナ,ならでは,細やか,充実,萩,観光,お,得,サービス,人気,観光,地,萩,要,チェック,宿泊,施設,観光,ビジネス,最適,好,立地,部屋,魅力,萩,写真,かな,萩,市街地,場所,鉄道,駅,東,萩,駅,萩,駅,徒歩,分の,場所,ホテル,前,バス,萩,観光,萩,循環,バス,おかげ,手軽,萩,観光,東,萩,駅,前,新,山口,駅,新幹線,口,バス,特急,号,停車,電車,訪問,人,新幹線,バス,訪問,人,好,立地,写真,かな,客室,シングル,ルーム,ほか,定員,名,定員,名,トリプル,ルーム,定員,名,クルーズ,ルーム,用意,注目,の,ビジネス,シングル,ルーム,萩,シングル,ルーム,幅,標準,装備,ベッド,旅,疲れ,写真,かな,ベッド,客室,全体,的,の,萩,ところ,ベッド,家具,間,ゆとり,開放,感,シック,ブラウン,統一,雰囲気,の,化粧,台,キン,キン,冷蔵庫,イチ,オシ,の,左側,洋服,掛け,ハンガー,ラック,さ,段,丈,コート,丈,シャツ,類,収納,洋服,掛け,下,ボックス,殺菌,灯,付き,ロッカー,ここ,靴,殺菌,消毒,消,臭,外泊,中,履き物,状態,気,ポイント,洗面,台,シャワー,トイレ,独立,写真,かな,萩,客室,洗面,台,トイレ,シャワー,室,独立,の,魅力,的,場所,身支度,快適,度,清掃,写真,かな,シャワー,もの,要,チェック,洗髪,便利,マッサージ,付き,ハンド,シャワー,角度,自由,調節,ボディー,シャワー,体,キレイ,リラクゼーション,効果,写真,かな,それぞれ,客室,図書館,設置,個性,的,萩,見どころ,萩,ゆかり,偉人,本,幕末,史,本,萩,歴史,クイズ,本,勢ぞろい,明治維新,起点,萩,歴史,ファン,観光,客,大人気,中,そう,ほか,アミューズメント,知恵の輪,客室,用意,手のひら,サイズ,知恵の輪,大人,童心,夢中,そう,ここ,満喫,長期,おすすめ,充実,館内,設備,写真,萩,萩,館内,施設,充実,長期,おすすめ,男性,女性,それぞれ,風呂,大,浴場,サウナ,完備,季節,ごと,香り,露天風呂,大,浴場,オレンジ,色,照明,中,クラシック,音楽,居心地,旅,疲れ,有料,岩盤,浴,溶岩,浴,韓国,黄土,セラミック,足,サウナ,利用,可能,ウーロン茶,ほうじ茶,コーヒー,フリー,ドリンク,アイス,ホット,お,風呂,汗,後,写真,かな,萩,全,室,フリー,完備,ほか,フロント,横,無料,インターネット,コーナー,旅先,情報,収集,そう,写真,かな,長期,コイン,ランドリー,広々,快適,アイロン,予備,ハンガー,用意,これ,フォーマル,服装,とき,安心,無料,朝食,萩,もの,満載,写真,かな,萩,すべて,プラン,無料,朝食,サービス,萩,産,コシヒカリ,おにぎり,種類,豊富,どれ,そう,写真,多く,宿泊,客,虜,の,味噌汁,萩,萩,老舗,ミヨシ,味噌,使用,味わい,朝,胃袋,おかず,和食,中心,いずれ,食材,地元,産,使用,お,漬物,地元,農家,方,丹精,小皿,おかず,小皿,お盆,手軽,館内,テナント,観光,地,サービス,写真,かな,客室,ホテル,テナント,内,お,店,観光,地,お,得,利用,クーポン,観光,写真,かな,ホテル,テナント,階,ダイニング,まめ,コーヒー,一,杯,無料,サービス,ダイニング,まめ,萩,旬,食材,大人,用,箸,こちら,萩,野菜,茄子,さ,グラム,巨大,茄子,贅沢,茄子,口,中,食,感,癖,そう,写真,かな,萩,観光,自転車,周,人,とき,おすすめ,の,ホテル,テナント,階,萩,レンタサイクル,萩,クーポン,日,利用,料,円,円,萩,観光,定番,萩,八景,遊覧,船,通常,価格,円,引き,クーポン,萩,観光,拠点,便利,萩,好,立地,充実,設備,オリジナリティ,魅力,満載,萩,リーズナブル,価格,魅力,的,人,円,人,人,当たり,円,こと,萩,観光,拠点,活用,関連,萩
6,自分,好み,温度,日本,酒,ビジネスマン,ため,一目,酒,知識,回,日本,酒,編,ビジネスマン,酒,好き,接待,会食,酒,機会,多く,人,それなり,酒,はず,生半可,知識,思い込み,勘違い,危険,会,席,得意げ,披露,知識,評価,ガタ落ち,酒,ビジネスマン,ため,疑問,世界中,酒,ライター,江口,まゆみ,解説,吟醸,酒,お,燗,大将,これ,お,燗,ダメ,お客,さん,これ,大,吟醸,俺,燗酒,ん,こっち,純,米,酒,それ,大,吟醸,ん,ウチ,大,吟醸,お,燗,押し問答,酒,たっぷり,日本,酒,専門,店,よう,気,あと,お,店,言い分,次,よう,もの,吟醸,酒,お,燗,香り,燗酒,純,米,酒,本,醸造,酒,大,吟醸,お,燗,あなた,上,目線,よう,説得,もの,の,吟醸,酒,お,燗,の,私,ところ,お,燗,吟醸,酒,の,全部,これ,吟醸,酒,酵母,密接,関係,昔,吟醸,酒,の,協会,号,酵母,熊本,酵母,年代,開発,静岡,酵母,これ,酢酸,香気,成分,生成,バナナ,メロン,香り,年代,アルプス,酵母,代表,香り,系,酵母,登場,これ,酸,エチル,香気,成分,生成,派手,香り,リンゴ,洋,ナシ,香り,吟醸,酒,ブーム,拍車,現在,全国,新酒,鑑,評,会,金賞,ため,香り,系,酵母,入賞,風潮,酢酸,系,酵母,酒蔵,鑑,評,会,出品,選択,ところ,よう,吟醸,香,大別,香気,成分,の,香り,系,酵母,お,酒,お,燗,香り,お,化粧,よう,もの,お,燗,香り,変化,バランス,魅力,香り,系,吟醸,酒,燗,香り,味わい,まろやか,はず,冷酒,の,冷酒,魅力,こと,私,全国,的,有名,酒蔵,蔵,燗酒,イベント,主催,こと,蔵,中,蔵,お,燗,生,純,米,酒,得意,蔵,蔵,本,醸造,吟醸,香,吟醸,酒,名,蔵,お客,さん,名,近く,蔵,燗酒,文句,人,一,人,お,酒,お,燗,ん,新た,発見,ここ,蔵,酵母,香り,系,酢酸,系,の,偶然,日本,酒,さまざま,温度,帯,こと,世界,的,お,酒,燗酒,さ,冷酒,日本,酒,複雑,味わい,お,酒,冷酒,まろやか,旨味,これ,燗,上がり,日本,酒,お,燗,ほう,の,燗酒,こと,日本,酒,世界,私,燗酒,好き,夏,燗酒,家,お,燗,家,電子,レンジ,お,燗,湯煎,声,そう,電子,レンジ,お,燗,誰,ん,レンジ,燗,コツ,香り,よう,ラップ,こと,徳利,上部,下,こと,お,酒,対流,よう,これ,徳利,首,こと,最大,原因,今,はく,びれ,レンジ,燗,用,酒,器,もの,私,空,ワンカップ,あれ,レンジ,燗,用,最強,レンジ,お,燗,温度,調節,の,心配,ご,無用,今,温度,秒,単位,時間,設定,レンジ,お,燗,温度,気,必要,私,場合,沸騰,ダメ,度,過程,いろいろ,味わい,違い,これ,広島,杜氏,さん,方,ん,日本,酒,人,別,お,燗,方,の,大,吟醸,純,米,吟醸,香り,系,レンジ,チン,日本,酒,世界,江口,まゆみ,神奈川,県,鎌倉,市,生まれ,早稲田大学,卒業,酒,紀行,家,年,ライター,世界中,地酒,日本,国内,日本,酒,焼酎,ビール,ワイン,ウイスキー,現場,軒,以上,酒,著書,多数,認定,酒,師,認定
6,数,青学大,卒,男,女性,不満,声,学歴,格差,シーン,存在,歳,男性,人,アンケート,実施,ライバル,大学,同士,徹底,比較,週刊,号,特集,カネ,恋愛,どっち,上,さまざま,テーマ,ライバル,校,対決,一つ,編,都内,屈指,おしゃれ,ボーイ,たち,青山学院大,卒,慶,卒,比較,青学大,女性,経験,人数,人,ダントツ,週刊,実施,人,アンケート,平均,経験,人数,大学,ランキング,位,人,の,青学大,東京,シーン,席巻,同,大学,ライバル,の,都会,派,慶,両校,比較,以下,よう,経験,人数,慶応大,人,青学大,人,回数,慶応大,回,青学大,回,月,オナニー,頻度,慶応大,回,青学大,回,データ,青学大,軍配,青学大,慶,の,合,白戸,氏,青学大,出身,者,数,こと,有名,淡泊,私,記憶,私,合コン,スタメン,女子,みな,感想,青学大,卒,佐伯,大介,さん,仮名,歳,遍歴,効率,性,重視,もの,大学,時代,バイト,先,女のコ,人,今,効率,合コン,ガールフレンド,仮,女のコ,手当,会,女性,たち,記憶,声,質,面,青学大,高,評価,の,慶応大,体験,記録,投稿,話題,暇,女子大,生,氏,慶,好,印象,次,よう,彼ら,普通,飽き,足らず,おもちゃ,上級,者,向け,要求,現役,サラリーマン,ユニット,リーマン,マイク,メンバー,小石川,氏,慶,こと,素直,タイプ,指摘,数,青学大,卒,ブス,意味,慶,歳,声,よう,慶,相手,内容,重視,それ,データ,上,青学大,要因,週刊,号,特集,カネ,恋愛,どっち,上,ほか,年収,出世,合コン,さまざま,テーマ,ライバル,大学,徹底,比較,人,詳細,データ,もと,分析,白戸,氏,漫画,家,ライター,過去,合コン,回数,回,合,自身,婚,活,中,独身,女子,女子,恋愛,記事,執筆,マイク,小石川,氏,現役,アーティスト,ユニット,リーマン,マイク,女性,版,マイク,メンバー,合コン,可,話題,暇,女子大,生,氏,現役,女子大,生,高学歴,エリート,体験,チン,ポ,ログ,話題,万,人,以上,取材,文,週刊,編集,部
6,人,名前,なん,昨日,晩,ご飯,何,実家,郵便,番号,いくつ,代,急激,記憶,力,低下,それ,指示,語,会話,頻度,たび,ボケ,不安,読者,こと,菅原,脳神経,外科,クリニック,医師,菅原,道,仁,氏,次,よう,説明,歳,以下,発症,認知,症,若年,性,認知,症,認知,症,高齢,者,イメージ,歳,以下,認知,症,ケース,近年,若年,性,痴呆,症,若年,性,認知,症,増加,傾向,認知,症,診断,診断,基準,早期,適切,治療,よう,すべて,軽度,認知,障害,認知,症,予備,軍,診断,ケース,歳,兆候,歳,とき,娘,お父さん,ボケ,ん,の,きっかけ,病院,ところ,アルツハイマー,型,若年,性,認知,症,診断,直後,妻,離婚,太田,剛,さん,仮名,当時,太田,さん,大手,電機,メーカー,研究,職,多忙,時間,睡眠,食,食事,睡眠,食事,以外,時間,すべて,仕事,没頭,歳,課長,職,部下,人,仕事,量,プレッシャー,急,それ,新,開発,特許,研究,開発,部門,最前線,自負,研究,評価,気,研究,成果,残業,平日,深夜,帰り,土曜,出勤,仕事,太田,さん,責任,感,性格,タイプ,食事,中,家族,とき,片時,仕事,こと,頭,歳,頃,会社,ミーティング,時間,プライベート,家族,約束,待ち合わせ,場所,それ,絶対,ミス,よう,病院,アルツハイマー,病,認知,症,診断,の,会社,上司,認知,症,こと,よう,ショック,企業,認知,症,理由,クビ,ため,現在,休職,扱い,太田,さん,追い打ち,よう,妻,介護,離婚,元,妻,娘,一切,連絡,妻子,家,生活,保護,アパート,一人暮らし,今,本,ネット,会社,員,時代,こと,将来,田舎,実家,予定,過去,記憶,よう,人,自分,認知,症,疑い,ため,若年,性,認知,症,早期,発見,認知,症,診断,兆候,仕事,支障,よう,経済,面,問題,発生,がち,ほか,介護,保険,障害,年金,公的,セーフティ,ネット,完璧,若年,性,ゆえ,問題,山積,月,日,発売,週刊,代,若年,性,痴呆,症,人,兆候,特集,掲載,若年,性,認知,症,早期,発見,周囲,サポート,進行,こと,大切,現代,無縁,社会,化,希望,発症,人,たち,兆候,現在,よう,暮らし,の,予防,法,物忘れ,気,人,参考,取材,文,撮影,週刊,編集,部
6,大,自然,馬,灯台,三拍子,地,青森,県,尻屋崎,青森,県,下北半島,北東,先端,部,尻屋崎,しり,津軽海峡,太平洋,境目,位置,天気,北海道,渡島,お,しま,半島,山々,一望,絶好,ロケーション,それ,地,寒,立,馬,め,存在,独特,光景,雄大,景色,中,穏やか,一,面,光景,場所,今回,尻屋崎,魅力,お伝え,レンガ,造り,日本一,さ,白色,灯台,尻屋崎,灯台,写真,斧,よう,形,青森,県,下北半島,北東,部,部分,先端,位置,尻屋崎,しり,ここ,東北,最古,洋式,灯台,尻屋崎,灯台,イギリス,人,リチャード,設計,明治,年,建設,レンガ,造り,建物,日本一,さ,灯台,草原,海,組み合わせ,他,こと,光景,灯台,前,本州,最,屋,崎,石碑,実感,こと,最,尻屋崎,本州,最北端,地,同,半島,西側,先端,部,大間崎,場所,本州,最北端,注意,雄大,景色,寒,立,馬,光景,写真,雄大,風景,印象,的,尻屋崎,地,放牧,寒,立,馬,め,寒,立,馬,名,通り,雪,さ,中,こと,馬,足,短め,体格,特徴,青森,県,天然記念物,寒,立,馬,人,よう,際,十分,注意,必要,恐れ,背後,よう,写真,タイミング,灯台,バック,寒,立,馬,たち,光景,目,事,灯台,馬,海,情緒,穏やか,風景,心,こと,寒,立,馬,たち,灯台,付近,わけ,運,灯台,前,十分,満足,光景,尻屋崎,バス,アクセス,可能,月,月,限定,写真,尻屋崎,バス,移動,可能,大湊,みな,線,下北,駅,移動,そこ,バス,タクシー,むつ,バスターミナル,以下,むつ,表記,移動,必要,バス,利用,場合,下北,駅前,バス,乗り場,下北,交通,バス,乗車,行き先,むつ,恐山,佐井,車庫,大畑,駅,何れ,むつ,停車,下北,駅,むつ,運賃,片道,タクシー,利用,場合,同,区間,運賃,前後,むつ,尻屋崎,行き,バス,終点,尻屋崎,むつ,分,尻屋崎,灯台,前,到着,同,区間,運賃,片道,尻屋崎,灯台,前,運行,バス,日,往復,便,日曜,祝日,往復,便,帰り,バス,最終,早め,運行,期間,月,月,限定,バス,移動,検討,場合,運行,期間,時間,十分,注意,冬季,閉鎖,訪問,時期,注意,写真,尻屋崎,開場,期間,月,日,月,日,冬季,月,月,閉鎖,訪問,時期,注意,開場,期間,中,ゲート,開放,時間,以下,通り,ゲート,開放,時間,月,日,月,日,月,日,月,日,月,月,尻屋崎,周辺,閉鎖,入場,料,無料,お,問合せ,関連,青森,県,観光,情報,サイト,リンク,先,お願い,ゲート,尻屋崎,周辺,寒,立,馬,放牧,状態,道路,上,寒,立,馬,車,訪問,場合,速度,要注意,魅力,的,場所,下北半島,ハイライト,一つ,下北半島,恐山,薬研,温泉,大間崎,仏ヶ浦,多彩,観光,地,尻屋崎,日本,離れ,独特,光景,それら,魅力,どちら,方,尻屋崎,大,自然,寒,立,馬,光景,いかが,バス,タクシー,運賃,尻屋崎,開場,期間,年,月,現在,もの,関連,下北,交通,バス,時刻,表,下北,尻屋崎,青森,県,観光,情報,サイト,尻屋崎,寒,立,馬
7,火曜日,夕方,セール,情報,イチ,オシ,無料,カメラ,ロール,内,画像,動画,形式,変換,情報,毎日,大量,値下げ,中,オススメ,もの,ピックアップ,お,届け,セール,値下げ,情報,記事,更新,時点,もの,セール,終了,場合,価格,変更,等,可能,性,ご,購入,ダウンロード,前,表記,価格,ご,確認,カメラ,ロール,内,画像,動画,形式,変換,お気に入り,画像,投稿,現在,価格,無料,サイズ,円,株,証券,円,カンタン,株式,投資,常識,未,経験,者,気軽,株式,投資,現在,価格,無料,サイズ,音,ネオン,光,画面,タップ,ゲーム,斬新,ゲーム,性,現在,価格,無料,サイズ,自分,設定,項目,アクセス,お気に入り,機能,アクセス,格段,楽,現在,価格,無料,サイズ,車,左右,操作,交通,事故,ゲーム,反射,神経,ハイ,スコア,現在,価格,無料,サイズ,コード,作成,自分,サイト,コード,化,現在,価格,無料,サイズ,情報,毎日,大量,値下げ,中,オススメ,もの,ピックアップ,お,届け,セール,値下げ,情報,記事,更新,時点,もの,セール,終了,場合,価格,変更,等,可能,性,ご,購入,ダウンロード,前,表記,価格,ご,確認,リンク,画像,表示,場合,こちら
7,オリンパス,臨場,感,高,音質,クリア,録音,可能,レコーダー,同,月,日,発売,内蔵,メモリー,価格,いずれ,オープン,価格,製品,特徴,ロー,ノイズ,指向,性,マイク,個,度,角度,配置,搭載,同社,マイク,配置,話者,ポジション,距離,感,リアル,録音,こと,よう,説明,録音,環境,声,大小,マイク,感度,自動,調整,搭載,これ,遠く,位置,発言,声,近く,位置,発言,声,差,よう,録音,レベル,自動,調整,機能,これ,声,音,失敗,未然,高,音質,録音,行,機能,イメージ,ビジネスマン,スキル,アップ,需要,語学,学習,効果,的,音声,再生,無音,再生,モード,手本,音声,無音,再生,部,発声,こと,リスニング,発声,両方,効果,的,練習,行,同,時,手本,音声,速度,再生,モード,ため,うち,速度,再生,手本,ゆとり,練習,ほか,パソコン,転送,音楽,データ,以外,語学,学習,データ,一括,管理,配信,ファイル,保管,装備,いずれ,最大,個,分け,多数,ファイル,効率,的,管理,行,接続,上,名,ファイル,名,変更,利便,性,本体,サイズ,さ,幅,奥行き,電池,録音,形式,形式,外部,メモリー,スロット,数,音声,ミュージック,最大,最大,最大,録音,件数,各,件,録音,時間,時間,時間,製品,情報,文,編集,部
7,ヴァル研究所,月,日,同社,乗り換え,案内,サービス,駅,す,ぱあ,ビジネス,版,連携,駅,す,ぱあ,版,リリース,発表,駅,す,ぱあ,チャット,機能,上,経路,検索,版,経路,検索,機能,無償,提供,利用,駅,す,ぱあ,トーク,ルーム,出発,駅,到着,駅,こと,経路,所要,時間,運賃,自動,返答,版,経路,検索,有用,性,利用,者,反応,もと,ダイヤ,検索,機能,運行,情報,機能,カレンダー,連携,機能,検討,駅,す,ぱあ,利用,料金,無料,利用,料金,負担,必要
7,ウシオ電機,同社,高,輝度,光源,搭載,オランダ,応用,科学,研究,機構,以下,照射,分析,用,ファシリティ,正式,オープン,関連,企業,機関,対象,光学,部品,マスク,センサー,等,各種,研究,評価,サービス,受付,開始,こと,発表,今回,サービス,受付,開始,サンプル,ハンドリング,光,照射,評価,一貫,真空,環境,リアルタイム,計測,の,特徴,高,輝度,高,出力,光源,インチ,マスク,対応,大,面積,露光,評価,可能,評価,期間,短縮,貢献,件,戦略,顧客,担当,役員,氏,オリジナリティ,設備,主要,パートナー,開発,製造,重要,役割,多大,貢献,こと,コメント,ウシオ電機,今後,露光,プロセス,量産,技術,確立,高,精細,マスク,検査,用,光源,技術,進展,最先端,半導体,製造,プロセス,進化,貢献,オランダ,応用,科学,研究,機構,科学,技術,分野,応用,科学,研究,こと,目的,オランダ,議会,年,設立,オランダ,ハーグ,本拠,中立,総合,受託,試験,研究,機関
7,３,色,カラフル,雲,実験,米,航空,宇宙,局,現地,時間,日,東海岸,観測,用,ロケット,夜空,赤,青,緑,人工,的,雲,実験,ロケット,北大西洋,上,飛翔,間,色,蒸気,追跡,こと,宇宙,微粒子,動き,観測,の,目的,総,重量,キロ,段式,エンジン,ロケット,清涼飲料水,ボトル,さ,容器,本,搭載,中,人工,雲,ため,材料,バリウム,ストロンチウム,酸化,二,銅,粉末,これ,ロケット,分,後,大気,中,噴出,こと,夜空,カラフル,蒸気,雲,出現,仕組み,ロケット,米,東部,時間,日,午後,時,日本,時間,日,午前,時,ごろ,州,飛行場,北大西洋,上,沖,分間,飛翔,上空,キロ,キロ,到達,段階,雲,材料,噴射,色,蒸気,雲,観測,こと,大気,上層,部,電離層,電子,よう,追跡,オーロラ,発生,謎,の,実験,目的,日本,飛行場,提供,動画,視聴,サイト,実験,模様,こと,北大西洋,上空,カラフル,雲,写真,公表,後日,ハザード,ラボ,お,届け,楽しみ
8,絶品,マンゴー,試食,伊豆,ブルーベリー,大富,農園,夏,味覚,狩り,ひとつ,ブルーベリー,狩り,健康,こと,人気,味覚,狩り,ブルーベリー,狩り,近,場,今回,足,伊豆,大富,農園,紹介,大富,農園,ブルーベリー,狩り,伊豆,産,絶品,マンゴー,試食,農園,希望,者,マンゴー,ハウス,見学,の,分間,品種,ブルーベリー,放題,伊豆,国,市,大富,農園,写真,大宮,つる,今回,ご,紹介,の,静岡,県,伊豆,国,市,北江間,大富,農園,江間,いちご,狩り,有名,地域,大富,農園,いちご,月頃,種,おとめ,章,姫,紅,ほっぺ,いちご,狩り,人気,農園,いちご,狩り,農園,こちら,農園,月,初旬,頃,ブルーベリー,狩り,農園,の,特徴,ブルーベリー,狩り,大富,農園,産,マンゴー,試食,内容,後述,写真,大宮,つる,ブルーベリー,狩り,入園,料,子ども,才,幼稚園,円,大人,円,値段,品種,ブルーベリー,分間,放題,上,うわさ,大富,マンゴー,試食,納得,値段,ハウス,栽培,ため,雨,日,ブルー,べり,狩り,の,ポイント,大富,農園,ブルーベリー,狩り,月,初旬,月,中旬,大粒,完熟,ブルーベリー,ポロ,写真,大宮,つる,木,ブルーベリー,青,紫色,もの,赤み,もの,色,もの,要,注意,青,紫色,ブルーベリー,よう,写真,大宮,つる,完熟,ブルーベリー,力,ポロ,ブルーベリー,狩り,うわさ,大富,マンゴー,試食,写真,大宮,つる,大富,農園,ブルーベリー,狩り,特徴,入園,料,内,うわさ,大富,マンゴー,試食,こと,これ,他,ブルーベリー,狩り,農園,ワン,内容,うわさ,大富,マンゴー,独自,栽培,方法,美味,安全,さ,三拍子,高級,マンゴー,こと,静岡,県,最高峰,マンゴー,存在,テレビ,雑誌,メディア,こと,平成,年度,食,セレクション,認定,マンゴー,ん,県内,最大,級,マンゴー,ハウス,見学,写真,大宮,つる,マンゴー,試食,あと,マンゴー,ハウス,見学,いかが,有料,大富,農園,マンゴー,ハウス,県内,最大,級,坪,ハウス,中,品種,本,以上,マンゴー,木,栽培,ハウス,見学,時間,分,程度,スタッフ,方,大富,マンゴー,独自,栽培,方法,丁寧,説明,マンゴー,ハウス,見学,の,月,中旬,月,中旬,ハウス,見学,アイス,マンゴー,試食,写真,大宮,つる,マンゴー,ハウス,見学,マンゴー,コース,アイス,コース,種類,マンゴー,コース,ハウス,見学,マンゴー,試食,円,アイス,コース,ハウス,見学,アイス,試食,円,内容,ブルーベリー,狩り,来訪,場合,マンゴー,試食,ブルーベリー,狩り,なか,ここ,アイス,コース,一,アイス,マンゴー,味,ほか,イチゴ,ブルーベリー,種類,うち,写真,イチゴ,アイス,マンゴー,アイス,こちら,マンゴー,アイス,テレビ,雑誌,人気,商品,お,ご,当地,グルメ,掲載,絶品,アイス,ゴロ,大富,マンゴー,アイス,濃厚,一品,ブルーベリー,マンゴー,試食,ハウス,見学,絶品,アイス,満喫,大富,農園,以上,伊豆,国,市,大富,農園,ご,紹介,いかが,ブルーベリー,狩り,マンゴー,試食,内容,マンゴー,ハウス,見学,マンゴー,絶品,アイス,度,何,度,農園,梅雨,夏,シーズン,伊豆,お出かけ,おすすめ,スポット,関連,大富,農園
8,レモン,パンケーキ,税別,円,日本,ワーキング,ホリデー,協会,世界,肌,カジュアル,ダイニング,月,日,水,レモン,パンケーキ,税別,円,スペシャル,パンケーキ,税別,円,税別,円,新,メニュー,品,販売,写真,スペシャル,パンケーキ,税別,円,番,人気,オリジナル,パンケーキ,日,枚,オーダー,人気,メニュー,シドニー,有名,パンケーキ,店,料理,長,日本人,シェフ,開発,オリジナル,レシピ,ろ,食,感,砂糖,卵,シンプル,さ,特徴,今回,パンケーキ,レモン,パンケーキ,スペシャル,パンケーキ,新た,登場,レモン,パンケーキ,オリジナル,パンケーキ,自家製,夏,さわやか,風味,パンケーキ,スペシャル,パンケーキ,チョコ,フルーツ,ソース,お,皿,デコレーション,見た目,パンケーキ,ベリー,マンゴー,種類,ソース,味,一,度,豪華,一品,今回,食事,メニュー,ワーキング,ホリデー,人気,渡航,先,イギリス,代表,料理,登場,極細,パン粉,定番,タルタルソース,ケチャップ,小腹,時,機会,新作,パンケーキ,味わい,足,編集,部
8,お,出汁,コンセプト,運営,おかか,新宿,旬,おすすめ,メニュー,販売,開始,株式会社,お,出汁,コンセプト,運営,おかか,新宿,旬,おすすめ,メニュー,販売,開始,写真,一,押し,夏季,限定,出汁,ハマグリ,出汁,ハマグリ,濃厚,出汁,夏,野菜,逸品,一,押し,夏季,限定,出汁,ハマグリ,出汁,おかか,新宿,出汁,目,前,鰹節,鰹,定番,ハマグリ,出汁,鰹,代わり,ハマグリ,鍋,貝,お,好み,お,野菜,お,肉,夏季,限定,おかか,新宿,オリジナル,出汁,常時,種類,お,かわり,自由,野菜,夏,野菜,中心,毎日,新鮮,もの,ハマグリ,濃厚,出汁,夏,野菜,逸品,夏,お,ばん,限定,販売,ハマグリ,出汁,他,夏,お,ばん,限定,販売,鹿児島,県,産,黒,豚,冷,サラダ,夏,野菜,冷,製,おでん,盛り合わせ,夏,時期,ぴったり,メニュー,昨今,出汁,ブーム,大,注目,出汁,店,おかか,新宿,夏季,限定,メニュー,足,編集,部,安藤,果
8,すべて,動画,画像,記事,こちら,モロゾフ,カスタード,プリン,生誕,周年,記念,カスタード,プリン,誕生,周年,プリン,さ,再,発見,月,日,モロゾフ,各店,開催,こだわり,素材,使用,季節,限定,プリン,登場,愛媛,清見,オレンジ,プリン,清見,オレンジ,プリン,生地,ソース,両方,贅沢,使用,プリン,清見,オレンジ,さ,プリン,生地,さわやか,ソース,組み合わせ,そう,販売,期間,月,日,月,日,価格,円,税込,以下,カスタード,プリン,アタリ,くじ,付き,モロゾフ,一番,人気,カスタード,プリン,アタリ,くじ,商品,クジ,本,セット,販売,期間,月,日,月,日,価格,円,生,カスタード,プリン,生クリーム,キャラメル,ソース,カスタード,プリン,ろ,食,感,こと,販売,期間,通年,価格,円,こだわり,バニラ,カスタード,プリン,バニラ,女王,島,産,ブルボン,バニラ,使用,プリン,入り,販売,期間,月,日,月,日,価格,円,鹿児島,新茶,プリン,宮崎,県,産,日向,夏,生クリーム,ゼリー,使用,プリン,鹿児島,県,産,新茶,さわやか,味,香り,そう,販売,期間,月,日,月,日,価格,円,岡山,清水,白桃,プリン,桃,女王,清水,白桃,使用,プリン,桃,そのもの,よう,食,感,こと,販売,期間,月,日,月,日,価格,円,沖縄,宮古島,完熟,マンゴー,プリン,沖縄,宮古島,産,完熟,マンゴー,使用,プリン,濃厚,コク,甘み,の,販売,価格,月,日,月,日,価格,円,対象,プリン,購入,円,本体,価格,ごと,プリン,キャップ,個,プレゼント,キャップ,カラー,ピンク,ブルー,イエロー,グリーン,グレー,５,種,すべて,動画,画像,記事,こちら
8,すし,処,刺身,寿司,八重山,マグロ,大,トロ,旬,走り,熊本,コハダ,淡路島,アジ,千葉,御宿,カツオ,江戸前,アナゴ,穴,きゅう,巻,有馬,さん,好物,寿司,基本,時価,コース,１,万,円,手軽,握り,セット,季節,握り,９,貫,巻物,４,０,０,０,円,税,別,著名,人,人生,記憶,食,紹介,連載,人生,晩餐,今回,俳優,有馬,稲子,さん,すし,処,刺身,寿司,昔,お,魚,大好き,ころ,釜山,韓国,海,幸,なにわ,寿司,お,寿司,屋,さん,祖母,寿司,魚,カ月,毎日,こちら,ん,とき,倍,賞,千恵子,さん,お,お,店,方,常連,さん,紹介,なじみ,何,好き,店内,シンプル,ん,飾り,清浄,ヒノキ,カウンター,お,寿司,仕事,熱心,大将,産地,足,厳選,お,魚,彼,おすすめ,間違い,私,青,魚,好き,脂,歯ごたえ,アジ,コハダ,お,刺身,いくら,倍,賞,さん,ご,連絡,ご,一緒,私,お,寿司,お誘い,いつ,ん,すし,処,神奈川,県,横浜,市,港北,区,新横浜,新横浜,ビル,土,夜,定休,日,日,祝,週刊,朝日,年,月,日,号
